City,Category.of.SKU,City.Type,Sale,State,LiteracyRate,Population,AvgCPI,Area.km2.,Literacy.Rate....,City.Population..excluding.agglomeration..as.per.2011.Census,Avg..CPI.for.the.Period,Area..km2.,Population.density,Mobile.Landline,Kids.population,Teen.population,Working.population,Oldage.population,Percentage.of.plastic.for.roof,Percentage.of.plastic.for.wall,Banking,Radio,TV,Comp,Number.of.females,Number.of.literates,Per.capita.spending,Percentage.of.population.below.BPL.2011.12.,NSDP.per.capita,Total sales
Asansol,Wellness,Town,2795247.57021277,West Bengal,83.3,563917,143.6,49,83.3,563917,143.6,49,11508.5102,7.4,136928,166594,230557,29838,0.4,0.2,67.5,13.5,76.3,5,274728,469742,1079.25,22.52,70059,168630885.634043
Asansol,Cookware,Town,2487419.35744681,West Bengal,83.3,563917,143.6,49,83.3,563917,143.6,49,11508.5102,7.4,136928,166594,230557,29838,0.4,0.2,67.5,13.5,76.3,5,274728,469742,1079.25,22.52,70059,168630885.634043
Asansol,Crockery,Town,2800423.50212766,West Bengal,83.3,563917,143.6,49,83.3,563917,143.6,49,11508.5102,7.4,136928,166594,230557,29838,0.4,0.2,67.5,13.5,76.3,5,274728,469742,1079.25,22.52,70059,168630885.634043
Asansol,Electronics,Town,5259208.10212766,West Bengal,83.3,563917,143.6,49,83.3,563917,143.6,49,11508.5102,7.4,136928,166594,230557,29838,0.4,0.2,67.5,13.5,76.3,5,274728,469742,1079.25,22.52,70059,168630885.634043
Asansol,Farm Fresh,Town,2749654.63404255,West Bengal,83.3,563917,143.6,49,83.3,563917,143.6,49,11508.5102,7.4,136928,166594,230557,29838,0.4,0.2,67.5,13.5,76.3,5,274728,469742,1079.25,22.52,70059,168630885.634043
Asansol,Fashion,Town,37155072.9276596,West Bengal,83.3,563917,143.6,49,83.3,563917,143.6,49,11508.5102,7.4,136928,166594,230557,29838,0.4,0.2,67.5,13.5,76.3,5,274728,469742,1079.25,22.52,70059,168630885.634043
Asansol,Food Services,Town,181471.114893617,West Bengal,83.3,563917,143.6,49,83.3,563917,143.6,49,11508.5102,7.4,136928,166594,230557,29838,0.4,0.2,67.5,13.5,76.3,5,274728,469742,1079.25,22.52,70059,168630885.634043
Asansol,Shoes,Town,29649.7489361702,West Bengal,83.3,563917,143.6,49,83.3,563917,143.6,49,11508.5102,7.4,136928,166594,230557,29838,0.4,0.2,67.5,13.5,76.3,5,274728,469742,1079.25,22.52,70059,168630885.634043
Asansol,Home Essentials,Town,14808,West Bengal,83.3,563917,143.6,49,83.3,563917,143.6,49,11508.5102,7.4,136928,166594,230557,29838,0.4,0.2,67.5,13.5,76.3,5,274728,469742,1079.25,22.52,70059,168630885.634043
Asansol,Home Fashion,Town,4286111.21702128,West Bengal,83.3,563917,143.6,49,83.3,563917,143.6,49,11508.5102,7.4,136928,166594,230557,29838,0.4,0.2,67.5,13.5,76.3,5,274728,469742,1079.25,22.52,70059,168630885.634043
Asansol,Healthcare,Town,29394050.1021277,West Bengal,83.3,563917,143.6,49,83.3,563917,143.6,49,11508.5102,7.4,136928,166594,230557,29838,0.4,0.2,67.5,13.5,76.3,5,274728,469742,1079.25,22.52,70059,168630885.634043
Asansol,Trolley Bags,Town,4495174.47659575,West Bengal,83.3,563917,143.6,49,83.3,563917,143.6,49,11508.5102,7.4,136928,166594,230557,29838,0.4,0.2,67.5,13.5,76.3,5,274728,469742,1079.25,22.52,70059,168630885.634043
Asansol,Plastics,Town,5192360.4,West Bengal,83.3,563917,143.6,49,83.3,563917,143.6,49,11508.5102,7.4,136928,166594,230557,29838,0.4,0.2,67.5,13.5,76.3,5,274728,469742,1079.25,22.52,70059,168630885.634043
Asansol,Processed Food,Town,28621607.8042553,West Bengal,83.3,563917,143.6,49,83.3,563917,143.6,49,11508.5102,7.4,136928,166594,230557,29838,0.4,0.2,67.5,13.5,76.3,5,274728,469742,1079.25,22.52,70059,168630885.634043
Asansol,Sports,Town,383632.365957447,West Bengal,83.3,563917,143.6,49,83.3,563917,143.6,49,11508.5102,7.4,136928,166594,230557,29838,0.4,0.2,67.5,13.5,76.3,5,274728,469742,1079.25,22.52,70059,168630885.634043
Asansol,Staples,Town,26036011.8340426,West Bengal,83.3,563917,143.6,49,83.3,563917,143.6,49,11508.5102,7.4,136928,166594,230557,29838,0.4,0.2,67.5,13.5,76.3,5,274728,469742,1079.25,22.52,70059,168630885.634043
Asansol,Stationery,Town,9768392.25106383,West Bengal,83.3,563917,143.6,49,83.3,563917,143.6,49,11508.5102,7.4,136928,166594,230557,29838,0.4,0.2,67.5,13.5,76.3,5,274728,469742,1079.25,22.52,70059,168630885.634043
Asansol,Toys,Town,2189530.43404255,West Bengal,83.3,563917,143.6,49,83.3,563917,143.6,49,11508.5102,7.4,136928,166594,230557,29838,0.4,0.2,67.5,13.5,76.3,5,274728,469742,1079.25,22.52,70059,168630885.634043
Asansol,Utensils,Town,4791059.79148936,West Bengal,83.3,563917,143.6,49,83.3,563917,143.6,49,11508.5102,7.4,136928,166594,230557,29838,0.4,0.2,67.5,13.5,76.3,5,274728,469742,1079.25,22.52,70059,168630885.634043
Bhagalpur,Crockery,Town,1234,Bihar,79.26,400146,144,342,79.26,400146,144,342,1170.017544,3.6,126771,114681,139242,18375,1.7,0.5,58,24.1,46.6,3.74,191519,317155,938.01,34.06,31199,35547478.9191489
Bhagalpur,Electronics,Town,1234,Bihar,79.26,400146,144,342,79.26,400146,144,342,1170.017544,3.6,126771,114681,139242,18375,1.7,0.5,58,24.1,46.6,3.74,191519,317155,938.01,34.06,31199,35547478.9191489
Bhagalpur,Fashion,Town,32400422.6638298,Bihar,79.26,400146,144,342,79.26,400146,144,342,1170.017544,3.6,126771,114681,139242,18375,1.7,0.5,58,24.1,46.6,3.74,191519,317155,938.01,34.06,31199,35547478.9191489
Bhagalpur,Shoes,Town,593050.136170213,Bihar,79.26,400146,144,342,79.26,400146,144,342,1170.017544,3.6,126771,114681,139242,18375,1.7,0.5,58,24.1,46.6,3.74,191519,317155,938.01,34.06,31199,35547478.9191489
Bhagalpur,Home Essentials,Town,11124.7234042553,Bihar,79.26,400146,144,342,79.26,400146,144,342,1170.017544,3.6,126771,114681,139242,18375,1.7,0.5,58,24.1,46.6,3.74,191519,317155,938.01,34.06,31199,35547478.9191489
Bhagalpur,Home Fashion,Town,2313605.18723404,Bihar,79.26,400146,144,342,79.26,400146,144,342,1170.017544,3.6,126771,114681,139242,18375,1.7,0.5,58,24.1,46.6,3.74,191519,317155,938.01,34.06,31199,35547478.9191489
Bhagalpur,Trolley Bags,Town,26477.3617021277,Bihar,79.26,400146,144,342,79.26,400146,144,342,1170.017544,3.6,126771,114681,139242,18375,1.7,0.5,58,24.1,46.6,3.74,191519,317155,938.01,34.06,31199,35547478.9191489
Bhagalpur,Plastics,Town,2468,Bihar,79.26,400146,144,342,79.26,400146,144,342,1170.017544,3.6,126771,114681,139242,18375,1.7,0.5,58,24.1,46.6,3.74,191519,317155,938.01,34.06,31199,35547478.9191489
Bhagalpur,Processed Food,Town,2472.3404255319,Bihar,79.26,400146,144,342,79.26,400146,144,342,1170.017544,3.6,126771,114681,139242,18375,1.7,0.5,58,24.1,46.6,3.74,191519,317155,938.01,34.06,31199,35547478.9191489
Bhagalpur,Stationery,Town,183050.506382979,Bihar,79.26,400146,144,342,79.26,400146,144,342,1170.017544,3.6,126771,114681,139242,18375,1.7,0.5,58,24.1,46.6,3.74,191519,317155,938.01,34.06,31199,35547478.9191489
Bhagalpur,Toys,Town,8638,Bihar,79.26,400146,144,342,79.26,400146,144,342,1170.017544,3.6,126771,114681,139242,18375,1.7,0.5,58,24.1,46.6,3.74,191519,317155,938.01,34.06,31199,35547478.9191489
Bhagalpur,Utensils,Town,3702,Bihar,79.26,400146,144,342,79.26,400146,144,342,1170.017544,3.6,126771,114681,139242,18375,1.7,0.5,58,24.1,46.6,3.74,191519,317155,938.01,34.06,31199,35547478.9191489
Bhubaneshwar,Wellness,City,3510542.27659574,Orissa,91.87,843402,144.5,135,91.87,843402,144.5,135,6247.422222,14.3,201502,264085,390802,24721,3.6,0.5,72.5,24.7,71,16,417226,774833,1419.92,17.29,52559,605670526.795745
Bhubaneshwar,Cookware,City,6911649.73191489,Orissa,91.87,843402,144.5,135,91.87,843402,144.5,135,6247.422222,14.3,201502,264085,390802,24721,3.6,0.5,72.5,24.7,71,16,417226,774833,1419.92,17.29,52559,605670526.795745
Bhubaneshwar,Crockery,City,10964260.5148936,Orissa,91.87,843402,144.5,135,91.87,843402,144.5,135,6247.422222,14.3,201502,264085,390802,24721,3.6,0.5,72.5,24.7,71,16,417226,774833,1419.92,17.29,52559,605670526.795745
Bhubaneshwar,Electronics,City,7074638.99574468,Orissa,91.87,843402,144.5,135,91.87,843402,144.5,135,6247.422222,14.3,201502,264085,390802,24721,3.6,0.5,72.5,24.7,71,16,417226,774833,1419.92,17.29,52559,605670526.795745
Bhubaneshwar,Farm Fresh,City,1123880.3787234,Orissa,91.87,843402,144.5,135,91.87,843402,144.5,135,6247.422222,14.3,201502,264085,390802,24721,3.6,0.5,72.5,24.7,71,16,417226,774833,1419.92,17.29,52559,605670526.795745
Bhubaneshwar,Fashion,City,199716680.595745,Orissa,91.87,843402,144.5,135,91.87,843402,144.5,135,6247.422222,14.3,201502,264085,390802,24721,3.6,0.5,72.5,24.7,71,16,417226,774833,1419.92,17.29,52559,605670526.795745
Bhubaneshwar,Food Services,City,2635829.28510638,Orissa,91.87,843402,144.5,135,91.87,843402,144.5,135,6247.422222,14.3,201502,264085,390802,24721,3.6,0.5,72.5,24.7,71,16,417226,774833,1419.92,17.29,52559,605670526.795745
Bhubaneshwar,Shoes,City,7740744.75744681,Orissa,91.87,843402,144.5,135,91.87,843402,144.5,135,6247.422222,14.3,201502,264085,390802,24721,3.6,0.5,72.5,24.7,71,16,417226,774833,1419.92,17.29,52559,605670526.795745
Bhubaneshwar,Home Essentials,City,5655842.72340426,Orissa,91.87,843402,144.5,135,91.87,843402,144.5,135,6247.422222,14.3,201502,264085,390802,24721,3.6,0.5,72.5,24.7,71,16,417226,774833,1419.92,17.29,52559,605670526.795745
Bhubaneshwar,Home Fashion,City,23160038.3191489,Orissa,91.87,843402,144.5,135,91.87,843402,144.5,135,6247.422222,14.3,201502,264085,390802,24721,3.6,0.5,72.5,24.7,71,16,417226,774833,1419.92,17.29,52559,605670526.795745
Bhubaneshwar,Healthcare,City,96217517.319149,Orissa,91.87,843402,144.5,135,91.87,843402,144.5,135,6247.422222,14.3,201502,264085,390802,24721,3.6,0.5,72.5,24.7,71,16,417226,774833,1419.92,17.29,52559,605670526.795745
Bhubaneshwar,Trolley Bags,City,20021579.0340426,Orissa,91.87,843402,144.5,135,91.87,843402,144.5,135,6247.422222,14.3,201502,264085,390802,24721,3.6,0.5,72.5,24.7,71,16,417226,774833,1419.92,17.29,52559,605670526.795745
Bhubaneshwar,Plastics,City,21648148.8978723,Orissa,91.87,843402,144.5,135,91.87,843402,144.5,135,6247.422222,14.3,201502,264085,390802,24721,3.6,0.5,72.5,24.7,71,16,417226,774833,1419.92,17.29,52559,605670526.795745
Bhubaneshwar,Processed Food,City,85817238.8170213,Orissa,91.87,843402,144.5,135,91.87,843402,144.5,135,6247.422222,14.3,201502,264085,390802,24721,3.6,0.5,72.5,24.7,71,16,417226,774833,1419.92,17.29,52559,605670526.795745
Bhubaneshwar,Sports,City,1411944.28085106,Orissa,91.87,843402,144.5,135,91.87,843402,144.5,135,6247.422222,14.3,201502,264085,390802,24721,3.6,0.5,72.5,24.7,71,16,417226,774833,1419.92,17.29,52559,605670526.795745
Bhubaneshwar,Staples,City,65223728.4808511,Orissa,91.87,843402,144.5,135,91.87,843402,144.5,135,6247.422222,14.3,201502,264085,390802,24721,3.6,0.5,72.5,24.7,71,16,417226,774833,1419.92,17.29,52559,605670526.795745
Bhubaneshwar,Stationery,City,24066656.7106383,Orissa,91.87,843402,144.5,135,91.87,843402,144.5,135,6247.422222,14.3,201502,264085,390802,24721,3.6,0.5,72.5,24.7,71,16,417226,774833,1419.92,17.29,52559,605670526.795745
Bhubaneshwar,Toys,City,8129330.16595744,Orissa,91.87,843402,144.5,135,91.87,843402,144.5,135,6247.422222,14.3,201502,264085,390802,24721,3.6,0.5,72.5,24.7,71,16,417226,774833,1419.92,17.29,52559,605670526.795745
Bhubaneshwar,Utensils,City,14640275.5106383,Orissa,91.87,843402,144.5,135,91.87,843402,144.5,135,6247.422222,14.3,201502,264085,390802,24721,3.6,0.5,72.5,24.7,71,16,417226,774833,1419.92,17.29,52559,605670526.795745
Bilaspur,Wellness,Town,388633.017021277,Chhatisgarh,88.13,331030,141.6,345.8,88.13,331030,141.6,345.8,957.2874494,5.8,95074,104758,147437,18016,0.6,0.2,57,25.3,68.3,5.3,164766,291736,933.03,44.61,58547,101714876.06383
Bilaspur,Cookware,Town,1281239.95744681,Chhatisgarh,88.13,331030,141.6,345.8,88.13,331030,141.6,345.8,957.2874494,5.8,95074,104758,147437,18016,0.6,0.2,57,25.3,68.3,5.3,164766,291736,933.03,44.61,58547,101714876.06383
Bilaspur,Crockery,Town,1500587.62978723,Chhatisgarh,88.13,331030,141.6,345.8,88.13,331030,141.6,345.8,957.2874494,5.8,95074,104758,147437,18016,0.6,0.2,57,25.3,68.3,5.3,164766,291736,933.03,44.61,58547,101714876.06383
Bilaspur,Electronics,Town,4173297.76595745,Chhatisgarh,88.13,331030,141.6,345.8,88.13,331030,141.6,345.8,957.2874494,5.8,95074,104758,147437,18016,0.6,0.2,57,25.3,68.3,5.3,164766,291736,933.03,44.61,58547,101714876.06383
Bilaspur,Farm Fresh,Town,247961.689361702,Chhatisgarh,88.13,331030,141.6,345.8,88.13,331030,141.6,345.8,957.2874494,5.8,95074,104758,147437,18016,0.6,0.2,57,25.3,68.3,5.3,164766,291736,933.03,44.61,58547,101714876.06383
Bilaspur,Fashion,Town,30317269.6382979,Chhatisgarh,88.13,331030,141.6,345.8,88.13,331030,141.6,345.8,957.2874494,5.8,95074,104758,147437,18016,0.6,0.2,57,25.3,68.3,5.3,164766,291736,933.03,44.61,58547,101714876.06383
Bilaspur,Food Services,Town,233372.012765957,Chhatisgarh,88.13,331030,141.6,345.8,88.13,331030,141.6,345.8,957.2874494,5.8,95074,104758,147437,18016,0.6,0.2,57,25.3,68.3,5.3,164766,291736,933.03,44.61,58547,101714876.06383
Bilaspur,Shoes,Town,1063127.61276596,Chhatisgarh,88.13,331030,141.6,345.8,88.13,331030,141.6,345.8,957.2874494,5.8,95074,104758,147437,18016,0.6,0.2,57,25.3,68.3,5.3,164766,291736,933.03,44.61,58547,101714876.06383
Bilaspur,Home Essentials,Town,1505429.05957447,Chhatisgarh,88.13,331030,141.6,345.8,88.13,331030,141.6,345.8,957.2874494,5.8,95074,104758,147437,18016,0.6,0.2,57,25.3,68.3,5.3,164766,291736,933.03,44.61,58547,101714876.06383
Bilaspur,Home Fashion,Town,3176552.02553192,Chhatisgarh,88.13,331030,141.6,345.8,88.13,331030,141.6,345.8,957.2874494,5.8,95074,104758,147437,18016,0.6,0.2,57,25.3,68.3,5.3,164766,291736,933.03,44.61,58547,101714876.06383
Bilaspur,Healthcare,Town,17543805.7191489,Chhatisgarh,88.13,331030,141.6,345.8,88.13,331030,141.6,345.8,957.2874494,5.8,95074,104758,147437,18016,0.6,0.2,57,25.3,68.3,5.3,164766,291736,933.03,44.61,58547,101714876.06383
Bilaspur,Trolley Bags,Town,2380004.62978723,Chhatisgarh,88.13,331030,141.6,345.8,88.13,331030,141.6,345.8,957.2874494,5.8,95074,104758,147437,18016,0.6,0.2,57,25.3,68.3,5.3,164766,291736,933.03,44.61,58547,101714876.06383
Bilaspur,Plastics,Town,3724322.27234043,Chhatisgarh,88.13,331030,141.6,345.8,88.13,331030,141.6,345.8,957.2874494,5.8,95074,104758,147437,18016,0.6,0.2,57,25.3,68.3,5.3,164766,291736,933.03,44.61,58547,101714876.06383
Bilaspur,Processed Food,Town,14026340.0212766,Chhatisgarh,88.13,331030,141.6,345.8,88.13,331030,141.6,345.8,957.2874494,5.8,95074,104758,147437,18016,0.6,0.2,57,25.3,68.3,5.3,164766,291736,933.03,44.61,58547,101714876.06383
Bilaspur,Sports,Town,325211.242553191,Chhatisgarh,88.13,331030,141.6,345.8,88.13,331030,141.6,345.8,957.2874494,5.8,95074,104758,147437,18016,0.6,0.2,57,25.3,68.3,5.3,164766,291736,933.03,44.61,58547,101714876.06383
Bilaspur,Staples,Town,13886973.5617021,Chhatisgarh,88.13,331030,141.6,345.8,88.13,331030,141.6,345.8,957.2874494,5.8,95074,104758,147437,18016,0.6,0.2,57,25.3,68.3,5.3,164766,291736,933.03,44.61,58547,101714876.06383
Bilaspur,Stationery,Town,2124750.91914894,Chhatisgarh,88.13,331030,141.6,345.8,88.13,331030,141.6,345.8,957.2874494,5.8,95074,104758,147437,18016,0.6,0.2,57,25.3,68.3,5.3,164766,291736,933.03,44.61,58547,101714876.06383
Bilaspur,Toys,Town,1417239.29361702,Chhatisgarh,88.13,331030,141.6,345.8,88.13,331030,141.6,345.8,957.2874494,5.8,95074,104758,147437,18016,0.6,0.2,57,25.3,68.3,5.3,164766,291736,933.03,44.61,58547,101714876.06383
Bilaspur,Utensils,Town,2398757.99574468,Chhatisgarh,88.13,331030,141.6,345.8,88.13,331030,141.6,345.8,957.2874494,5.8,95074,104758,147437,18016,0.6,0.2,57,25.3,68.3,5.3,164766,291736,933.03,44.61,58547,101714876.06383
Burdwan,Wellness,Town,2276430.09787234,West Bengal,88.31,314265,143.6,59,88.31,314265,143.6,59,5326.525424,7,60662,88810,143698,20488,0.4,0.3,68.2,17,69.2,4,153103,277527,1079.25,22.52,70059,139756025.93617
Burdwan,Cookware,Town,2372522.01276596,West Bengal,88.31,314265,143.6,59,88.31,314265,143.6,59,5326.525424,7,60662,88810,143698,20488,0.4,0.3,68.2,17,69.2,4,153103,277527,1079.25,22.52,70059,139756025.93617
Burdwan,Crockery,Town,2916523.54468085,West Bengal,88.31,314265,143.6,59,88.31,314265,143.6,59,5326.525424,7,60662,88810,143698,20488,0.4,0.3,68.2,17,69.2,4,153103,277527,1079.25,22.52,70059,139756025.93617
Burdwan,Electronics,Town,5574540.3106383,West Bengal,88.31,314265,143.6,59,88.31,314265,143.6,59,5326.525424,7,60662,88810,143698,20488,0.4,0.3,68.2,17,69.2,4,153103,277527,1079.25,22.52,70059,139756025.93617
Burdwan,Farm Fresh,Town,2117807.78723404,West Bengal,88.31,314265,143.6,59,88.31,314265,143.6,59,5326.525424,7,60662,88810,143698,20488,0.4,0.3,68.2,17,69.2,4,153103,277527,1079.25,22.52,70059,139756025.93617
Burdwan,Fashion,Town,33393354.1361702,West Bengal,88.31,314265,143.6,59,88.31,314265,143.6,59,5326.525424,7,60662,88810,143698,20488,0.4,0.3,68.2,17,69.2,4,153103,277527,1079.25,22.52,70059,139756025.93617
Burdwan,Food Services,Town,22400.3957446809,West Bengal,88.31,314265,143.6,59,88.31,314265,143.6,59,5326.525424,7,60662,88810,143698,20488,0.4,0.3,68.2,17,69.2,4,153103,277527,1079.25,22.52,70059,139756025.93617
Burdwan,Shoes,Town,175727.455319149,West Bengal,88.31,314265,143.6,59,88.31,314265,143.6,59,5326.525424,7,60662,88810,143698,20488,0.4,0.3,68.2,17,69.2,4,153103,277527,1079.25,22.52,70059,139756025.93617
Burdwan,Home Essentials,Town,7437.6170212766,West Bengal,88.31,314265,143.6,59,88.31,314265,143.6,59,5326.525424,7,60662,88810,143698,20488,0.4,0.3,68.2,17,69.2,4,153103,277527,1079.25,22.52,70059,139756025.93617
Burdwan,Home Fashion,Town,3276933.97021276,West Bengal,88.31,314265,143.6,59,88.31,314265,143.6,59,5326.525424,7,60662,88810,143698,20488,0.4,0.3,68.2,17,69.2,4,153103,277527,1079.25,22.52,70059,139756025.93617
Burdwan,Healthcare,Town,20441850.1744681,West Bengal,88.31,314265,143.6,59,88.31,314265,143.6,59,5326.525424,7,60662,88810,143698,20488,0.4,0.3,68.2,17,69.2,4,153103,277527,1079.25,22.52,70059,139756025.93617
Burdwan,Trolley Bags,Town,3556570.73617021,West Bengal,88.31,314265,143.6,59,88.31,314265,143.6,59,5326.525424,7,60662,88810,143698,20488,0.4,0.3,68.2,17,69.2,4,153103,277527,1079.25,22.52,70059,139756025.93617
Burdwan,Plastics,Town,3995496.7787234,West Bengal,88.31,314265,143.6,59,88.31,314265,143.6,59,5326.525424,7,60662,88810,143698,20488,0.4,0.3,68.2,17,69.2,4,153103,277527,1079.25,22.52,70059,139756025.93617
Burdwan,Processed Food,Town,19588367.9148936,West Bengal,88.31,314265,143.6,59,88.31,314265,143.6,59,5326.525424,7,60662,88810,143698,20488,0.4,0.3,68.2,17,69.2,4,153103,277527,1079.25,22.52,70059,139756025.93617
Burdwan,Sports,Town,302110.306382979,West Bengal,88.31,314265,143.6,59,88.31,314265,143.6,59,5326.525424,7,60662,88810,143698,20488,0.4,0.3,68.2,17,69.2,4,153103,277527,1079.25,22.52,70059,139756025.93617
Burdwan,Staples,Town,14166456.2893617,West Bengal,88.31,314265,143.6,59,88.31,314265,143.6,59,5326.525424,7,60662,88810,143698,20488,0.4,0.3,68.2,17,69.2,4,153103,277527,1079.25,22.52,70059,139756025.93617
Burdwan,Stationery,Town,19706998.5319149,West Bengal,88.31,314265,143.6,59,88.31,314265,143.6,59,5326.525424,7,60662,88810,143698,20488,0.4,0.3,68.2,17,69.2,4,153103,277527,1079.25,22.52,70059,139756025.93617
Burdwan,Toys,Town,2066979.33617021,West Bengal,88.31,314265,143.6,59,88.31,314265,143.6,59,5326.525424,7,60662,88810,143698,20488,0.4,0.3,68.2,17,69.2,4,153103,277527,1079.25,22.52,70059,139756025.93617
Burdwan,Utensils,Town,3797518.54042553,West Bengal,88.31,314265,143.6,59,88.31,314265,143.6,59,5326.525424,7,60662,88810,143698,20488,0.4,0.3,68.2,17,69.2,4,153103,277527,1079.25,22.52,70059,139756025.93617
Cuttack,Wellness,Town,480547.70212766,Orissa,91,610189,144.5,398,91,610189,144.5,398,1533.138191,11.7,133798,186768,252908,32443,0.8,0.4,73.1,31.4,76.7,8.7,301857,555271,789.26,35.69,52559,144777398.365957
Cuttack,Cookware,Town,2034576.32340426,Orissa,91,610189,144.5,398,91,610189,144.5,398,1533.138191,11.7,133798,186768,252908,32443,0.8,0.4,73.1,31.4,76.7,8.7,301857,555271,789.26,35.69,52559,144777398.365957
Cuttack,Crockery,Town,2798322.64255319,Orissa,91,610189,144.5,398,91,610189,144.5,398,1533.138191,11.7,133798,186768,252908,32443,0.8,0.4,73.1,31.4,76.7,8.7,301857,555271,789.26,35.69,52559,144777398.365957
Cuttack,Electronics,Town,5517266.10638298,Orissa,91,610189,144.5,398,91,610189,144.5,398,1533.138191,11.7,133798,186768,252908,32443,0.8,0.4,73.1,31.4,76.7,8.7,301857,555271,789.26,35.69,52559,144777398.365957
Cuttack,Farm Fresh,Town,303929.161702128,Orissa,91,610189,144.5,398,91,610189,144.5,398,1533.138191,11.7,133798,186768,252908,32443,0.8,0.4,73.1,31.4,76.7,8.7,301857,555271,789.26,35.69,52559,144777398.365957
Cuttack,Fashion,Town,36881707.6425532,Orissa,91,610189,144.5,398,91,610189,144.5,398,1533.138191,11.7,133798,186768,252908,32443,0.8,0.4,73.1,31.4,76.7,8.7,301857,555271,789.26,35.69,52559,144777398.365957
Cuttack,Food Services,Town,810208.719148936,Orissa,91,610189,144.5,398,91,610189,144.5,398,1533.138191,11.7,133798,186768,252908,32443,0.8,0.4,73.1,31.4,76.7,8.7,301857,555271,789.26,35.69,52559,144777398.365957
Cuttack,Shoes,Town,1197917.49787234,Orissa,91,610189,144.5,398,91,610189,144.5,398,1533.138191,11.7,133798,186768,252908,32443,0.8,0.4,73.1,31.4,76.7,8.7,301857,555271,789.26,35.69,52559,144777398.365957
Cuttack,Home Essentials,Town,1526326.02553192,Orissa,91,610189,144.5,398,91,610189,144.5,398,1533.138191,11.7,133798,186768,252908,32443,0.8,0.4,73.1,31.4,76.7,8.7,301857,555271,789.26,35.69,52559,144777398.365957
Cuttack,Home Fashion,Town,5304414.33617021,Orissa,91,610189,144.5,398,91,610189,144.5,398,1533.138191,11.7,133798,186768,252908,32443,0.8,0.4,73.1,31.4,76.7,8.7,301857,555271,789.26,35.69,52559,144777398.365957
Cuttack,Healthcare,Town,26176664.5106383,Orissa,91,610189,144.5,398,91,610189,144.5,398,1533.138191,11.7,133798,186768,252908,32443,0.8,0.4,73.1,31.4,76.7,8.7,301857,555271,789.26,35.69,52559,144777398.365957
Cuttack,Trolley Bags,Town,4784038.32340425,Orissa,91,610189,144.5,398,91,610189,144.5,398,1533.138191,11.7,133798,186768,252908,32443,0.8,0.4,73.1,31.4,76.7,8.7,301857,555271,789.26,35.69,52559,144777398.365957
Cuttack,Plastics,Town,5227638.55744681,Orissa,91,610189,144.5,398,91,610189,144.5,398,1533.138191,11.7,133798,186768,252908,32443,0.8,0.4,73.1,31.4,76.7,8.7,301857,555271,789.26,35.69,52559,144777398.365957
Cuttack,Processed Food,Town,23752021.706383,Orissa,91,610189,144.5,398,91,610189,144.5,398,1533.138191,11.7,133798,186768,252908,32443,0.8,0.4,73.1,31.4,76.7,8.7,301857,555271,789.26,35.69,52559,144777398.365957
Cuttack,Sports,Town,387858.008510638,Orissa,91,610189,144.5,398,91,610189,144.5,398,1533.138191,11.7,133798,186768,252908,32443,0.8,0.4,73.1,31.4,76.7,8.7,301857,555271,789.26,35.69,52559,144777398.365957
Cuttack,Staples,Town,19244155.1021277,Orissa,91,610189,144.5,398,91,610189,144.5,398,1533.138191,11.7,133798,186768,252908,32443,0.8,0.4,73.1,31.4,76.7,8.7,301857,555271,789.26,35.69,52559,144777398.365957
Cuttack,Stationery,Town,1981541.03829787,Orissa,91,610189,144.5,398,91,610189,144.5,398,1533.138191,11.7,133798,186768,252908,32443,0.8,0.4,73.1,31.4,76.7,8.7,301857,555271,789.26,35.69,52559,144777398.365957
Cuttack,Toys,Town,2281462.20851064,Orissa,91,610189,144.5,398,91,610189,144.5,398,1533.138191,11.7,133798,186768,252908,32443,0.8,0.4,73.1,31.4,76.7,8.7,301857,555271,789.26,35.69,52559,144777398.365957
Cuttack,Utensils,Town,4086802.75319149,Orissa,91,610189,144.5,398,91,610189,144.5,398,1533.138191,11.7,133798,186768,252908,32443,0.8,0.4,73.1,31.4,76.7,8.7,301857,555271,789.26,35.69,52559,144777398.365957
Darjeeling,Wellness,Town,153868.591489362,West Bengal,93.85,118805,143.6,10.57,93.85,118805,143.6,10.57,11239.82971,9.2,22232,36480,53924,6086,1,0.9,70.4,22.2,77.1,6,57879,111498,1079.25,22.52,70059,63891054.5319149
Darjeeling,Cookware,Town,1001375.89361702,West Bengal,93.85,118805,143.6,10.57,93.85,118805,143.6,10.57,11239.82971,9.2,22232,36480,53924,6086,1,0.9,70.4,22.2,77.1,6,57879,111498,1079.25,22.52,70059,63891054.5319149
Darjeeling,Crockery,Town,1542496.23829787,West Bengal,93.85,118805,143.6,10.57,93.85,118805,143.6,10.57,11239.82971,9.2,22232,36480,53924,6086,1,0.9,70.4,22.2,77.1,6,57879,111498,1079.25,22.52,70059,63891054.5319149
Darjeeling,Electronics,Town,2216824.35319149,West Bengal,93.85,118805,143.6,10.57,93.85,118805,143.6,10.57,11239.82971,9.2,22232,36480,53924,6086,1,0.9,70.4,22.2,77.1,6,57879,111498,1079.25,22.52,70059,63891054.5319149
Darjeeling,Fashion,Town,17896912.093617,West Bengal,93.85,118805,143.6,10.57,93.85,118805,143.6,10.57,11239.82971,9.2,22232,36480,53924,6086,1,0.9,70.4,22.2,77.1,6,57879,111498,1079.25,22.52,70059,63891054.5319149
Darjeeling,Food Services,Town,207511.063829787,West Bengal,93.85,118805,143.6,10.57,93.85,118805,143.6,10.57,11239.82971,9.2,22232,36480,53924,6086,1,0.9,70.4,22.2,77.1,6,57879,111498,1079.25,22.52,70059,63891054.5319149
Darjeeling,Shoes,Town,235734.868085106,West Bengal,93.85,118805,143.6,10.57,93.85,118805,143.6,10.57,11239.82971,9.2,22232,36480,53924,6086,1,0.9,70.4,22.2,77.1,6,57879,111498,1079.25,22.52,70059,63891054.5319149
Darjeeling,Home Essentials,Town,8132.5531914894,West Bengal,93.85,118805,143.6,10.57,93.85,118805,143.6,10.57,11239.82971,9.2,22232,36480,53924,6086,1,0.9,70.4,22.2,77.1,6,57879,111498,1079.25,22.52,70059,63891054.5319149
Darjeeling,Home Fashion,Town,2170208.8,West Bengal,93.85,118805,143.6,10.57,93.85,118805,143.6,10.57,11239.82971,9.2,22232,36480,53924,6086,1,0.9,70.4,22.2,77.1,6,57879,111498,1079.25,22.52,70059,63891054.5319149
Darjeeling,Healthcare,Town,9080292.34042553,West Bengal,93.85,118805,143.6,10.57,93.85,118805,143.6,10.57,11239.82971,9.2,22232,36480,53924,6086,1,0.9,70.4,22.2,77.1,6,57879,111498,1079.25,22.52,70059,63891054.5319149
Darjeeling,Trolley Bags,Town,1527941.80425532,West Bengal,93.85,118805,143.6,10.57,93.85,118805,143.6,10.57,11239.82971,9.2,22232,36480,53924,6086,1,0.9,70.4,22.2,77.1,6,57879,111498,1079.25,22.52,70059,63891054.5319149
Darjeeling,Plastics,Town,3494301.64255319,West Bengal,93.85,118805,143.6,10.57,93.85,118805,143.6,10.57,11239.82971,9.2,22232,36480,53924,6086,1,0.9,70.4,22.2,77.1,6,57879,111498,1079.25,22.52,70059,63891054.5319149
Darjeeling,Processed Food,Town,8563359.72340426,West Bengal,93.85,118805,143.6,10.57,93.85,118805,143.6,10.57,11239.82971,9.2,22232,36480,53924,6086,1,0.9,70.4,22.2,77.1,6,57879,111498,1079.25,22.52,70059,63891054.5319149
Darjeeling,Sports,Town,347130.536170213,West Bengal,93.85,118805,143.6,10.57,93.85,118805,143.6,10.57,11239.82971,9.2,22232,36480,53924,6086,1,0.9,70.4,22.2,77.1,6,57879,111498,1079.25,22.52,70059,63891054.5319149
Darjeeling,Staples,Town,9563348.48510638,West Bengal,93.85,118805,143.6,10.57,93.85,118805,143.6,10.57,11239.82971,9.2,22232,36480,53924,6086,1,0.9,70.4,22.2,77.1,6,57879,111498,1079.25,22.52,70059,63891054.5319149
Darjeeling,Stationery,Town,1722592.38723404,West Bengal,93.85,118805,143.6,10.57,93.85,118805,143.6,10.57,11239.82971,9.2,22232,36480,53924,6086,1,0.9,70.4,22.2,77.1,6,57879,111498,1079.25,22.52,70059,63891054.5319149
Darjeeling,Toys,Town,2050861.14468085,West Bengal,93.85,118805,143.6,10.57,93.85,118805,143.6,10.57,11239.82971,9.2,22232,36480,53924,6086,1,0.9,70.4,22.2,77.1,6,57879,111498,1079.25,22.52,70059,63891054.5319149
Darjeeling,Utensils,Town,2108162.01276596,West Bengal,93.85,118805,143.6,10.57,93.85,118805,143.6,10.57,11239.82971,9.2,22232,36480,53924,6086,1,0.9,70.4,22.2,77.1,6,57879,111498,1079.25,22.52,70059,63891054.5319149
Deoghar,Wellness,Town,179855.25106383,Jharkhand,85.68,203123,142.2,337,85.68,203123,142.2,337,602.7388724,2.5,62451,56627,74316,9623,0.6,0.1,73.5,11.6,67.1,3.4,98850,174035,938.01,40.84,46131,102084885.795745
Deoghar,Cookware,Town,1811486.73617021,Jharkhand,85.68,203123,142.2,337,85.68,203123,142.2,337,602.7388724,2.5,62451,56627,74316,9623,0.6,0.1,73.5,11.6,67.1,3.4,98850,174035,938.01,40.84,46131,102084885.795745
Deoghar,Crockery,Town,1702889.46808511,Jharkhand,85.68,203123,142.2,337,85.68,203123,142.2,337,602.7388724,2.5,62451,56627,74316,9623,0.6,0.1,73.5,11.6,67.1,3.4,98850,174035,938.01,40.84,46131,102084885.795745
Deoghar,Electronics,Town,3685102.0893617,Jharkhand,85.68,203123,142.2,337,85.68,203123,142.2,337,602.7388724,2.5,62451,56627,74316,9623,0.6,0.1,73.5,11.6,67.1,3.4,98850,174035,938.01,40.84,46131,102084885.795745
Deoghar,Farm Fresh,Town,333188.178723404,Jharkhand,85.68,203123,142.2,337,85.68,203123,142.2,337,602.7388724,2.5,62451,56627,74316,9623,0.6,0.1,73.5,11.6,67.1,3.4,98850,174035,938.01,40.84,46131,102084885.795745
Deoghar,Fashion,Town,24417492.3106383,Jharkhand,85.68,203123,142.2,337,85.68,203123,142.2,337,602.7388724,2.5,62451,56627,74316,9623,0.6,0.1,73.5,11.6,67.1,3.4,98850,174035,938.01,40.84,46131,102084885.795745
Deoghar,Food Services,Town,15532.3021276596,Jharkhand,85.68,203123,142.2,337,85.68,203123,142.2,337,602.7388724,2.5,62451,56627,74316,9623,0.6,0.1,73.5,11.6,67.1,3.4,98850,174035,938.01,40.84,46131,102084885.795745
Deoghar,Shoes,Town,883200.068085107,Jharkhand,85.68,203123,142.2,337,85.68,203123,142.2,337,602.7388724,2.5,62451,56627,74316,9623,0.6,0.1,73.5,11.6,67.1,3.4,98850,174035,938.01,40.84,46131,102084885.795745
Deoghar,Home Essentials,Town,193751.995744681,Jharkhand,85.68,203123,142.2,337,85.68,203123,142.2,337,602.7388724,2.5,62451,56627,74316,9623,0.6,0.1,73.5,11.6,67.1,3.4,98850,174035,938.01,40.84,46131,102084885.795745
Deoghar,Home Fashion,Town,3342223.93191489,Jharkhand,85.68,203123,142.2,337,85.68,203123,142.2,337,602.7388724,2.5,62451,56627,74316,9623,0.6,0.1,73.5,11.6,67.1,3.4,98850,174035,938.01,40.84,46131,102084885.795745
Deoghar,Healthcare,Town,19294323.4085106,Jharkhand,85.68,203123,142.2,337,85.68,203123,142.2,337,602.7388724,2.5,62451,56627,74316,9623,0.6,0.1,73.5,11.6,67.1,3.4,98850,174035,938.01,40.84,46131,102084885.795745
Deoghar,Trolley Bags,Town,3165223.45957447,Jharkhand,85.68,203123,142.2,337,85.68,203123,142.2,337,602.7388724,2.5,62451,56627,74316,9623,0.6,0.1,73.5,11.6,67.1,3.4,98850,174035,938.01,40.84,46131,102084885.795745
Deoghar,Plastics,Town,3762673.70638298,Jharkhand,85.68,203123,142.2,337,85.68,203123,142.2,337,602.7388724,2.5,62451,56627,74316,9623,0.6,0.1,73.5,11.6,67.1,3.4,98850,174035,938.01,40.84,46131,102084885.795745
Deoghar,Processed Food,Town,17298241.2340426,Jharkhand,85.68,203123,142.2,337,85.68,203123,142.2,337,602.7388724,2.5,62451,56627,74316,9623,0.6,0.1,73.5,11.6,67.1,3.4,98850,174035,938.01,40.84,46131,102084885.795745
Deoghar,Sports,Town,278088.94893617,Jharkhand,85.68,203123,142.2,337,85.68,203123,142.2,337,602.7388724,2.5,62451,56627,74316,9623,0.6,0.1,73.5,11.6,67.1,3.4,98850,174035,938.01,40.84,46131,102084885.795745
Deoghar,Staples,Town,14620962.3702128,Jharkhand,85.68,203123,142.2,337,85.68,203123,142.2,337,602.7388724,2.5,62451,56627,74316,9623,0.6,0.1,73.5,11.6,67.1,3.4,98850,174035,938.01,40.84,46131,102084885.795745
Deoghar,Stationery,Town,2668953.38297872,Jharkhand,85.68,203123,142.2,337,85.68,203123,142.2,337,602.7388724,2.5,62451,56627,74316,9623,0.6,0.1,73.5,11.6,67.1,3.4,98850,174035,938.01,40.84,46131,102084885.795745
Deoghar,Toys,Town,1546082.53617021,Jharkhand,85.68,203123,142.2,337,85.68,203123,142.2,337,602.7388724,2.5,62451,56627,74316,9623,0.6,0.1,73.5,11.6,67.1,3.4,98850,174035,938.01,40.84,46131,102084885.795745
Deoghar,Utensils,Town,2885614.41702128,Jharkhand,85.68,203123,142.2,337,85.68,203123,142.2,337,602.7388724,2.5,62451,56627,74316,9623,0.6,0.1,73.5,11.6,67.1,3.4,98850,174035,938.01,40.84,46131,102084885.795745
Dhanbad,Wellness,Town,331290.072340426,Jharkhand,79.47,1162472,142.2,2052,79.47,1162472,142.2,2052,566.5068226,3,350678,342260,403841,38892,0.3,0.1,73.6,9.7,70.7,3.5,565720,923816,938.01,40.84,46131,144442126.651064
Dhanbad,Cookware,Town,2483055.58723404,Jharkhand,79.47,1162472,142.2,2052,79.47,1162472,142.2,2052,566.5068226,3,350678,342260,403841,38892,0.3,0.1,73.6,9.7,70.7,3.5,565720,923816,938.01,40.84,46131,144442126.651064
Dhanbad,Crockery,Town,3197925.11914894,Jharkhand,79.47,1162472,142.2,2052,79.47,1162472,142.2,2052,566.5068226,3,350678,342260,403841,38892,0.3,0.1,73.6,9.7,70.7,3.5,565720,923816,938.01,40.84,46131,144442126.651064
Dhanbad,Electronics,Town,8648718.74042553,Jharkhand,79.47,1162472,142.2,2052,79.47,1162472,142.2,2052,566.5068226,3,350678,342260,403841,38892,0.3,0.1,73.6,9.7,70.7,3.5,565720,923816,938.01,40.84,46131,144442126.651064
Dhanbad,Farm Fresh,Town,102878.978723404,Jharkhand,79.47,1162472,142.2,2052,79.47,1162472,142.2,2052,566.5068226,3,350678,342260,403841,38892,0.3,0.1,73.6,9.7,70.7,3.5,565720,923816,938.01,40.84,46131,144442126.651064
Dhanbad,Fashion,Town,34640695.0510638,Jharkhand,79.47,1162472,142.2,2052,79.47,1162472,142.2,2052,566.5068226,3,350678,342260,403841,38892,0.3,0.1,73.6,9.7,70.7,3.5,565720,923816,938.01,40.84,46131,144442126.651064
Dhanbad,Food Services,Town,1373608.2893617,Jharkhand,79.47,1162472,142.2,2052,79.47,1162472,142.2,2052,566.5068226,3,350678,342260,403841,38892,0.3,0.1,73.6,9.7,70.7,3.5,565720,923816,938.01,40.84,46131,144442126.651064
Dhanbad,Shoes,Town,207609.225531915,Jharkhand,79.47,1162472,142.2,2052,79.47,1162472,142.2,2052,566.5068226,3,350678,342260,403841,38892,0.3,0.1,73.6,9.7,70.7,3.5,565720,923816,938.01,40.84,46131,144442126.651064
Dhanbad,Home Essentials,Town,32518.5319148936,Jharkhand,79.47,1162472,142.2,2052,79.47,1162472,142.2,2052,566.5068226,3,350678,342260,403841,38892,0.3,0.1,73.6,9.7,70.7,3.5,565720,923816,938.01,40.84,46131,144442126.651064
Dhanbad,Home Fashion,Town,6152379.99148936,Jharkhand,79.47,1162472,142.2,2052,79.47,1162472,142.2,2052,566.5068226,3,350678,342260,403841,38892,0.3,0.1,73.6,9.7,70.7,3.5,565720,923816,938.01,40.84,46131,144442126.651064
Dhanbad,Healthcare,Town,24678017.6468085,Jharkhand,79.47,1162472,142.2,2052,79.47,1162472,142.2,2052,566.5068226,3,350678,342260,403841,38892,0.3,0.1,73.6,9.7,70.7,3.5,565720,923816,938.01,40.84,46131,144442126.651064
Dhanbad,Trolley Bags,Town,6245068.72340426,Jharkhand,79.47,1162472,142.2,2052,79.47,1162472,142.2,2052,566.5068226,3,350678,342260,403841,38892,0.3,0.1,73.6,9.7,70.7,3.5,565720,923816,938.01,40.84,46131,144442126.651064
Dhanbad,Plastics,Town,5210714.43829787,Jharkhand,79.47,1162472,142.2,2052,79.47,1162472,142.2,2052,566.5068226,3,350678,342260,403841,38892,0.3,0.1,73.6,9.7,70.7,3.5,565720,923816,938.01,40.84,46131,144442126.651064
Dhanbad,Processed Food,Town,23604789.5148936,Jharkhand,79.47,1162472,142.2,2052,79.47,1162472,142.2,2052,566.5068226,3,350678,342260,403841,38892,0.3,0.1,73.6,9.7,70.7,3.5,565720,923816,938.01,40.84,46131,144442126.651064
Dhanbad,Sports,Town,573305.30212766,Jharkhand,79.47,1162472,142.2,2052,79.47,1162472,142.2,2052,566.5068226,3,350678,342260,403841,38892,0.3,0.1,73.6,9.7,70.7,3.5,565720,923816,938.01,40.84,46131,144442126.651064
Dhanbad,Staples,Town,17606666.3744681,Jharkhand,79.47,1162472,142.2,2052,79.47,1162472,142.2,2052,566.5068226,3,350678,342260,403841,38892,0.3,0.1,73.6,9.7,70.7,3.5,565720,923816,938.01,40.84,46131,144442126.651064
Dhanbad,Stationery,Town,2886914.08510638,Jharkhand,79.47,1162472,142.2,2052,79.47,1162472,142.2,2052,566.5068226,3,350678,342260,403841,38892,0.3,0.1,73.6,9.7,70.7,3.5,565720,923816,938.01,40.84,46131,144442126.651064
Dhanbad,Toys,Town,2523043.61702128,Jharkhand,79.47,1162472,142.2,2052,79.47,1162472,142.2,2052,566.5068226,3,350678,342260,403841,38892,0.3,0.1,73.6,9.7,70.7,3.5,565720,923816,938.01,40.84,46131,144442126.651064
Dhanbad,Utensils,Town,3942927.36170213,Jharkhand,79.47,1162472,142.2,2052,79.47,1162472,142.2,2052,566.5068226,3,350678,342260,403841,38892,0.3,0.1,73.6,9.7,70.7,3.5,565720,923816,938.01,40.84,46131,144442126.651064
Durgapur,Wellness,City,3115627.47234043,West Bengal,86.02,566517,143.6,154,86.02,566517,143.6,154,3678.681818,4.8,126774,152050,253273,32834,0.2,0.1,57.8,21.7,62.2,2.8,275995,487317,2203.12,14.66,70059,241233219.982979
Durgapur,Cookware,City,2768200.43404255,West Bengal,86.02,566517,143.6,154,86.02,566517,143.6,154,3678.681818,4.8,126774,152050,253273,32834,0.2,0.1,57.8,21.7,62.2,2.8,275995,487317,2203.12,14.66,70059,241233219.982979
Durgapur,Crockery,City,3946609.08510638,West Bengal,86.02,566517,143.6,154,86.02,566517,143.6,154,3678.681818,4.8,126774,152050,253273,32834,0.2,0.1,57.8,21.7,62.2,2.8,275995,487317,2203.12,14.66,70059,241233219.982979
Durgapur,Electronics,City,10117506.2893617,West Bengal,86.02,566517,143.6,154,86.02,566517,143.6,154,3678.681818,4.8,126774,152050,253273,32834,0.2,0.1,57.8,21.7,62.2,2.8,275995,487317,2203.12,14.66,70059,241233219.982979
Durgapur,Farm Fresh,City,3740236.85106383,West Bengal,86.02,566517,143.6,154,86.02,566517,143.6,154,3678.681818,4.8,126774,152050,253273,32834,0.2,0.1,57.8,21.7,62.2,2.8,275995,487317,2203.12,14.66,70059,241233219.982979
Durgapur,Fashion,City,64111074.6425532,West Bengal,86.02,566517,143.6,154,86.02,566517,143.6,154,3678.681818,4.8,126774,152050,253273,32834,0.2,0.1,57.8,21.7,62.2,2.8,275995,487317,2203.12,14.66,70059,241233219.982979
Durgapur,Food Services,City,866470.893617021,West Bengal,86.02,566517,143.6,154,86.02,566517,143.6,154,3678.681818,4.8,126774,152050,253273,32834,0.2,0.1,57.8,21.7,62.2,2.8,275995,487317,2203.12,14.66,70059,241233219.982979
Durgapur,Shoes,City,1624682.80425532,West Bengal,86.02,566517,143.6,154,86.02,566517,143.6,154,3678.681818,4.8,126774,152050,253273,32834,0.2,0.1,57.8,21.7,62.2,2.8,275995,487317,2203.12,14.66,70059,241233219.982979
Durgapur,Home Essentials,City,1808442.35744681,West Bengal,86.02,566517,143.6,154,86.02,566517,143.6,154,3678.681818,4.8,126774,152050,253273,32834,0.2,0.1,57.8,21.7,62.2,2.8,275995,487317,2203.12,14.66,70059,241233219.982979
Durgapur,Home Fashion,City,6847381.6893617,West Bengal,86.02,566517,143.6,154,86.02,566517,143.6,154,3678.681818,4.8,126774,152050,253273,32834,0.2,0.1,57.8,21.7,62.2,2.8,275995,487317,2203.12,14.66,70059,241233219.982979
Durgapur,Healthcare,City,38556173.6765957,West Bengal,86.02,566517,143.6,154,86.02,566517,143.6,154,3678.681818,4.8,126774,152050,253273,32834,0.2,0.1,57.8,21.7,62.2,2.8,275995,487317,2203.12,14.66,70059,241233219.982979
Durgapur,Trolley Bags,City,6249985.55744681,West Bengal,86.02,566517,143.6,154,86.02,566517,143.6,154,3678.681818,4.8,126774,152050,253273,32834,0.2,0.1,57.8,21.7,62.2,2.8,275995,487317,2203.12,14.66,70059,241233219.982979
Durgapur,Plastics,City,6623535.66808511,West Bengal,86.02,566517,143.6,154,86.02,566517,143.6,154,3678.681818,4.8,126774,152050,253273,32834,0.2,0.1,57.8,21.7,62.2,2.8,275995,487317,2203.12,14.66,70059,241233219.982979
Durgapur,Processed Food,City,33842807.2978723,West Bengal,86.02,566517,143.6,154,86.02,566517,143.6,154,3678.681818,4.8,126774,152050,253273,32834,0.2,0.1,57.8,21.7,62.2,2.8,275995,487317,2203.12,14.66,70059,241233219.982979
Durgapur,Sports,City,719003.863829787,West Bengal,86.02,566517,143.6,154,86.02,566517,143.6,154,3678.681818,4.8,126774,152050,253273,32834,0.2,0.1,57.8,21.7,62.2,2.8,275995,487317,2203.12,14.66,70059,241233219.982979
Durgapur,Staples,City,31169506.2170213,West Bengal,86.02,566517,143.6,154,86.02,566517,143.6,154,3678.681818,4.8,126774,152050,253273,32834,0.2,0.1,57.8,21.7,62.2,2.8,275995,487317,2203.12,14.66,70059,241233219.982979
Durgapur,Stationery,City,16526110.5914894,West Bengal,86.02,566517,143.6,154,86.02,566517,143.6,154,3678.681818,4.8,126774,152050,253273,32834,0.2,0.1,57.8,21.7,62.2,2.8,275995,487317,2203.12,14.66,70059,241233219.982979
Durgapur,Toys,City,2886990.18297872,West Bengal,86.02,566517,143.6,154,86.02,566517,143.6,154,3678.681818,4.8,126774,152050,253273,32834,0.2,0.1,57.8,21.7,62.2,2.8,275995,487317,2203.12,14.66,70059,241233219.982979
Durgapur,Utensils,City,5712874.40851064,West Bengal,86.02,566517,143.6,154,86.02,566517,143.6,154,3678.681818,4.8,126774,152050,253273,32834,0.2,0.1,57.8,21.7,62.2,2.8,275995,487317,2203.12,14.66,70059,241233219.982979
Gangtok,Wellness,City,38671.0255319149,Sikkim,89.33,100286,141.2,35,89.33,100286,141.2,35,2865.314286,8.8,23131,33742,40148,3168,0.5,0.4,80,25.7,81.3,10,47224,89585,950,3.66,176491,89608291.680851
Gangtok,Cookware,City,1496875.09361702,Sikkim,89.33,100286,141.2,35,89.33,100286,141.2,35,2865.314286,8.8,23131,33742,40148,3168,0.5,0.4,80,25.7,81.3,10,47224,89585,950,3.66,176491,89608291.680851
Gangtok,Crockery,City,1654521.39148936,Sikkim,89.33,100286,141.2,35,89.33,100286,141.2,35,2865.314286,8.8,23131,33742,40148,3168,0.5,0.4,80,25.7,81.3,10,47224,89585,950,3.66,176491,89608291.680851
Gangtok,Electronics,City,3351476.32765957,Sikkim,89.33,100286,141.2,35,89.33,100286,141.2,35,2865.314286,8.8,23131,33742,40148,3168,0.5,0.4,80,25.7,81.3,10,47224,89585,950,3.66,176491,89608291.680851
Gangtok,Farm Fresh,City,176237.34893617,Sikkim,89.33,100286,141.2,35,89.33,100286,141.2,35,2865.314286,8.8,23131,33742,40148,3168,0.5,0.4,80,25.7,81.3,10,47224,89585,950,3.66,176491,89608291.680851
Gangtok,Fashion,City,26225308.0085106,Sikkim,89.33,100286,141.2,35,89.33,100286,141.2,35,2865.314286,8.8,23131,33742,40148,3168,0.5,0.4,80,25.7,81.3,10,47224,89585,950,3.66,176491,89608291.680851
Gangtok,Food Services,City,414048.012765957,Sikkim,89.33,100286,141.2,35,89.33,100286,141.2,35,2865.314286,8.8,23131,33742,40148,3168,0.5,0.4,80,25.7,81.3,10,47224,89585,950,3.66,176491,89608291.680851
Gangtok,Shoes,City,1047641.28510638,Sikkim,89.33,100286,141.2,35,89.33,100286,141.2,35,2865.314286,8.8,23131,33742,40148,3168,0.5,0.4,80,25.7,81.3,10,47224,89585,950,3.66,176491,89608291.680851
Gangtok,Home Essentials,City,14730.1276595745,Sikkim,89.33,100286,141.2,35,89.33,100286,141.2,35,2865.314286,8.8,23131,33742,40148,3168,0.5,0.4,80,25.7,81.3,10,47224,89585,950,3.66,176491,89608291.680851
Gangtok,Home Fashion,City,3713951.46382979,Sikkim,89.33,100286,141.2,35,89.33,100286,141.2,35,2865.314286,8.8,23131,33742,40148,3168,0.5,0.4,80,25.7,81.3,10,47224,89585,950,3.66,176491,89608291.680851
Gangtok,Healthcare,City,11576219.2425532,Sikkim,89.33,100286,141.2,35,89.33,100286,141.2,35,2865.314286,8.8,23131,33742,40148,3168,0.5,0.4,80,25.7,81.3,10,47224,89585,950,3.66,176491,89608291.680851
Gangtok,Trolley Bags,City,1726479.42553191,Sikkim,89.33,100286,141.2,35,89.33,100286,141.2,35,2865.314286,8.8,23131,33742,40148,3168,0.5,0.4,80,25.7,81.3,10,47224,89585,950,3.66,176491,89608291.680851
Gangtok,Plastics,City,4618887.21702128,Sikkim,89.33,100286,141.2,35,89.33,100286,141.2,35,2865.314286,8.8,23131,33742,40148,3168,0.5,0.4,80,25.7,81.3,10,47224,89585,950,3.66,176491,89608291.680851
Gangtok,Processed Food,City,12424446.1276596,Sikkim,89.33,100286,141.2,35,89.33,100286,141.2,35,2865.314286,8.8,23131,33742,40148,3168,0.5,0.4,80,25.7,81.3,10,47224,89585,950,3.66,176491,89608291.680851
Gangtok,Sports,City,361768.655319149,Sikkim,89.33,100286,141.2,35,89.33,100286,141.2,35,2865.314286,8.8,23131,33742,40148,3168,0.5,0.4,80,25.7,81.3,10,47224,89585,950,3.66,176491,89608291.680851
Gangtok,Staples,City,14366667.7489362,Sikkim,89.33,100286,141.2,35,89.33,100286,141.2,35,2865.314286,8.8,23131,33742,40148,3168,0.5,0.4,80,25.7,81.3,10,47224,89585,950,3.66,176491,89608291.680851
Gangtok,Stationery,City,1690020.13617021,Sikkim,89.33,100286,141.2,35,89.33,100286,141.2,35,2865.314286,8.8,23131,33742,40148,3168,0.5,0.4,80,25.7,81.3,10,47224,89585,950,3.66,176491,89608291.680851
Gangtok,Toys,City,1867244.51914894,Sikkim,89.33,100286,141.2,35,89.33,100286,141.2,35,2865.314286,8.8,23131,33742,40148,3168,0.5,0.4,80,25.7,81.3,10,47224,89585,950,3.66,176491,89608291.680851
Gangtok,Utensils,City,2843098.52340425,Sikkim,89.33,100286,141.2,35,89.33,100286,141.2,35,2865.314286,8.8,23131,33742,40148,3168,0.5,0.4,80,25.7,81.3,10,47224,89585,950,3.66,176491,89608291.680851
Guwahati,Wellness,City,3304291.48510638,Assam,91.47,957352,142.6,215,91.47,957352,142.6,215,4452.8,0.9,212807,277432,429146,40940,0.2,0.3,69.9,31.3,65.1,2,468408,875689,2058.18,20.49,44263,550045645.489362
Guwahati,Cookware,City,7807870.98723404,Assam,91.47,957352,142.6,215,91.47,957352,142.6,215,4452.8,0.9,212807,277432,429146,40940,0.2,0.3,69.9,31.3,65.1,2,468408,875689,2058.18,20.49,44263,550045645.489362
Guwahati,Crockery,City,13446955.3659574,Assam,91.47,957352,142.6,215,91.47,957352,142.6,215,4452.8,0.9,212807,277432,429146,40940,0.2,0.3,69.9,31.3,65.1,2,468408,875689,2058.18,20.49,44263,550045645.489362
Guwahati,Electronics,City,59370.829787234,Assam,91.47,957352,142.6,215,91.47,957352,142.6,215,4452.8,0.9,212807,277432,429146,40940,0.2,0.3,69.9,31.3,65.1,2,468408,875689,2058.18,20.49,44263,550045645.489362
Guwahati,Farm Fresh,City,3162177.86382979,Assam,91.47,957352,142.6,215,91.47,957352,142.6,215,4452.8,0.9,212807,277432,429146,40940,0.2,0.3,69.9,31.3,65.1,2,468408,875689,2058.18,20.49,44263,550045645.489362
Guwahati,Fashion,City,208940461.502128,Assam,91.47,957352,142.6,215,91.47,957352,142.6,215,4452.8,0.9,212807,277432,429146,40940,0.2,0.3,69.9,31.3,65.1,2,468408,875689,2058.18,20.49,44263,550045645.489362
Guwahati,Food Services,City,7424836.39148936,Assam,91.47,957352,142.6,215,91.47,957352,142.6,215,4452.8,0.9,212807,277432,429146,40940,0.2,0.3,69.9,31.3,65.1,2,468408,875689,2058.18,20.49,44263,550045645.489362
Guwahati,Shoes,City,7367212.74468085,Assam,91.47,957352,142.6,215,91.47,957352,142.6,215,4452.8,0.9,212807,277432,429146,40940,0.2,0.3,69.9,31.3,65.1,2,468408,875689,2058.18,20.49,44263,550045645.489362
Guwahati,Home Essentials,City,4499185.45957447,Assam,91.47,957352,142.6,215,91.47,957352,142.6,215,4452.8,0.9,212807,277432,429146,40940,0.2,0.3,69.9,31.3,65.1,2,468408,875689,2058.18,20.49,44263,550045645.489362
Guwahati,Home Fashion,City,20318968.3276596,Assam,91.47,957352,142.6,215,91.47,957352,142.6,215,4452.8,0.9,212807,277432,429146,40940,0.2,0.3,69.9,31.3,65.1,2,468408,875689,2058.18,20.49,44263,550045645.489362
Guwahati,Healthcare,City,75925665.5446809,Assam,91.47,957352,142.6,215,91.47,957352,142.6,215,4452.8,0.9,212807,277432,429146,40940,0.2,0.3,69.9,31.3,65.1,2,468408,875689,2058.18,20.49,44263,550045645.489362
Guwahati,Trolley Bags,City,14246331.6893617,Assam,91.47,957352,142.6,215,91.47,957352,142.6,215,4452.8,0.9,212807,277432,429146,40940,0.2,0.3,69.9,31.3,65.1,2,468408,875689,2058.18,20.49,44263,550045645.489362
Guwahati,Plastics,City,23248876.6127659,Assam,91.47,957352,142.6,215,91.47,957352,142.6,215,4452.8,0.9,212807,277432,429146,40940,0.2,0.3,69.9,31.3,65.1,2,468408,875689,2058.18,20.49,44263,550045645.489362
Guwahati,Processed Food,City,64643191.106383,Assam,91.47,957352,142.6,215,91.47,957352,142.6,215,4452.8,0.9,212807,277432,429146,40940,0.2,0.3,69.9,31.3,65.1,2,468408,875689,2058.18,20.49,44263,550045645.489362
Guwahati,Sports,City,1450439.7106383,Assam,91.47,957352,142.6,215,91.47,957352,142.6,215,4452.8,0.9,212807,277432,429146,40940,0.2,0.3,69.9,31.3,65.1,2,468408,875689,2058.18,20.49,44263,550045645.489362
Guwahati,Staples,City,59868878.8765958,Assam,91.47,957352,142.6,215,91.47,957352,142.6,215,4452.8,0.9,212807,277432,429146,40940,0.2,0.3,69.9,31.3,65.1,2,468408,875689,2058.18,20.49,44263,550045645.489362
Guwahati,Stationery,City,10372216.4425532,Assam,91.47,957352,142.6,215,91.47,957352,142.6,215,4452.8,0.9,212807,277432,429146,40940,0.2,0.3,69.9,31.3,65.1,2,468408,875689,2058.18,20.49,44263,550045645.489362
Guwahati,Toys,City,8145155.56595745,Assam,91.47,957352,142.6,215,91.47,957352,142.6,215,4452.8,0.9,212807,277432,429146,40940,0.2,0.3,69.9,31.3,65.1,2,468408,875689,2058.18,20.49,44263,550045645.489362
Guwahati,Utensils,City,15813558.9829787,Assam,91.47,957352,142.6,215,91.47,957352,142.6,215,4452.8,0.9,212807,277432,429146,40940,0.2,0.3,69.9,31.3,65.1,2,468408,875689,2058.18,20.49,44263,550045645.489362
Jamshedpur,Wellness,Town,725622.587234042,Jharkhand,86.91,631364,142.2,209,86.91,631364,142.2,209,3020.880383,13.4,168259,195330,279620,33879,0.9,0.4,81.5,28.8,80.1,11.2,307255,548718,938.01,40.84,46131,127765930.982979
Jamshedpur,Cookware,Town,2188493.70212766,Jharkhand,86.91,631364,142.2,209,86.91,631364,142.2,209,3020.880383,13.4,168259,195330,279620,33879,0.9,0.4,81.5,28.8,80.1,11.2,307255,548718,938.01,40.84,46131,127765930.982979
Jamshedpur,Crockery,Town,2711108.3787234,Jharkhand,86.91,631364,142.2,209,86.91,631364,142.2,209,3020.880383,13.4,168259,195330,279620,33879,0.9,0.4,81.5,28.8,80.1,11.2,307255,548718,938.01,40.84,46131,127765930.982979
Jamshedpur,Electronics,Town,5338463.45531915,Jharkhand,86.91,631364,142.2,209,86.91,631364,142.2,209,3020.880383,13.4,168259,195330,279620,33879,0.9,0.4,81.5,28.8,80.1,11.2,307255,548718,938.01,40.84,46131,127765930.982979
Jamshedpur,Farm Fresh,Town,211730.582978723,Jharkhand,86.91,631364,142.2,209,86.91,631364,142.2,209,3020.880383,13.4,168259,195330,279620,33879,0.9,0.4,81.5,28.8,80.1,11.2,307255,548718,938.01,40.84,46131,127765930.982979
Jamshedpur,Fashion,Town,29375996.6595745,Jharkhand,86.91,631364,142.2,209,86.91,631364,142.2,209,3020.880383,13.4,168259,195330,279620,33879,0.9,0.4,81.5,28.8,80.1,11.2,307255,548718,938.01,40.84,46131,127765930.982979
Jamshedpur,Food Services,Town,1915957.36595745,Jharkhand,86.91,631364,142.2,209,86.91,631364,142.2,209,3020.880383,13.4,168259,195330,279620,33879,0.9,0.4,81.5,28.8,80.1,11.2,307255,548718,938.01,40.84,46131,127765930.982979
Jamshedpur,Shoes,Town,1096925.62978723,Jharkhand,86.91,631364,142.2,209,86.91,631364,142.2,209,3020.880383,13.4,168259,195330,279620,33879,0.9,0.4,81.5,28.8,80.1,11.2,307255,548718,938.01,40.84,46131,127765930.982979
Jamshedpur,Home Essentials,Town,309615.987234043,Jharkhand,86.91,631364,142.2,209,86.91,631364,142.2,209,3020.880383,13.4,168259,195330,279620,33879,0.9,0.4,81.5,28.8,80.1,11.2,307255,548718,938.01,40.84,46131,127765930.982979
Jamshedpur,Home Fashion,Town,5621901.88510638,Jharkhand,86.91,631364,142.2,209,86.91,631364,142.2,209,3020.880383,13.4,168259,195330,279620,33879,0.9,0.4,81.5,28.8,80.1,11.2,307255,548718,938.01,40.84,46131,127765930.982979
Jamshedpur,Healthcare,Town,22717806.9829787,Jharkhand,86.91,631364,142.2,209,86.91,631364,142.2,209,3020.880383,13.4,168259,195330,279620,33879,0.9,0.4,81.5,28.8,80.1,11.2,307255,548718,938.01,40.84,46131,127765930.982979
Jamshedpur,Trolley Bags,Town,5335605.66382979,Jharkhand,86.91,631364,142.2,209,86.91,631364,142.2,209,3020.880383,13.4,168259,195330,279620,33879,0.9,0.4,81.5,28.8,80.1,11.2,307255,548718,938.01,40.84,46131,127765930.982979
Jamshedpur,Plastics,Town,4847736.32765958,Jharkhand,86.91,631364,142.2,209,86.91,631364,142.2,209,3020.880383,13.4,168259,195330,279620,33879,0.9,0.4,81.5,28.8,80.1,11.2,307255,548718,938.01,40.84,46131,127765930.982979
Jamshedpur,Processed Food,Town,19273826.2510638,Jharkhand,86.91,631364,142.2,209,86.91,631364,142.2,209,3020.880383,13.4,168259,195330,279620,33879,0.9,0.4,81.5,28.8,80.1,11.2,307255,548718,938.01,40.84,46131,127765930.982979
Jamshedpur,Sports,Town,495011.863829787,Jharkhand,86.91,631364,142.2,209,86.91,631364,142.2,209,3020.880383,13.4,168259,195330,279620,33879,0.9,0.4,81.5,28.8,80.1,11.2,307255,548718,938.01,40.84,46131,127765930.982979
Jamshedpur,Staples,Town,17547023.0085106,Jharkhand,86.91,631364,142.2,209,86.91,631364,142.2,209,3020.880383,13.4,168259,195330,279620,33879,0.9,0.4,81.5,28.8,80.1,11.2,307255,548718,938.01,40.84,46131,127765930.982979
Jamshedpur,Stationery,Town,2794643.18723404,Jharkhand,86.91,631364,142.2,209,86.91,631364,142.2,209,3020.880383,13.4,168259,195330,279620,33879,0.9,0.4,81.5,28.8,80.1,11.2,307255,548718,938.01,40.84,46131,127765930.982979
Jamshedpur,Toys,Town,1834935.79574468,Jharkhand,86.91,631364,142.2,209,86.91,631364,142.2,209,3020.880383,13.4,168259,195330,279620,33879,0.9,0.4,81.5,28.8,80.1,11.2,307255,548718,938.01,40.84,46131,127765930.982979
Jamshedpur,Utensils,Town,3423525.66808511,Jharkhand,86.91,631364,142.2,209,86.91,631364,142.2,209,3020.880383,13.4,168259,195330,279620,33879,0.9,0.4,81.5,28.8,80.1,11.2,307255,548718,938.01,40.84,46131,127765930.982979
Jorhat,Wellness,Town,558708.680851064,Assam,83.42,1091295,142.6,9,83.42,1091295,142.6,9,121255,6.2,29096,35499,55493,6577,0.1,0.5,78.4,21.8,69.8,7,533943,910358,983.53,33.89,44263,133477542.825532
Jorhat,Cookware,Town,1797355.61702128,Assam,83.42,1091295,142.6,9,83.42,1091295,142.6,9,121255,6.2,29096,35499,55493,6577,0.1,0.5,78.4,21.8,69.8,7,533943,910358,983.53,33.89,44263,133477542.825532
Jorhat,Crockery,Town,2865396.24255319,Assam,83.42,1091295,142.6,9,83.42,1091295,142.6,9,121255,6.2,29096,35499,55493,6577,0.1,0.5,78.4,21.8,69.8,7,533943,910358,983.53,33.89,44263,133477542.825532
Jorhat,Electronics,Town,3337847.45957447,Assam,83.42,1091295,142.6,9,83.42,1091295,142.6,9,121255,6.2,29096,35499,55493,6577,0.1,0.5,78.4,21.8,69.8,7,533943,910358,983.53,33.89,44263,133477542.825532
Jorhat,Farm Fresh,Town,704030.672340425,Assam,83.42,1091295,142.6,9,83.42,1091295,142.6,9,121255,6.2,29096,35499,55493,6577,0.1,0.5,78.4,21.8,69.8,7,533943,910358,983.53,33.89,44263,133477542.825532
Jorhat,Fashion,Town,47338342.4170212,Assam,83.42,1091295,142.6,9,83.42,1091295,142.6,9,121255,6.2,29096,35499,55493,6577,0.1,0.5,78.4,21.8,69.8,7,533943,910358,983.53,33.89,44263,133477542.825532
Jorhat,Food Services,Town,62367.6936170213,Assam,83.42,1091295,142.6,9,83.42,1091295,142.6,9,121255,6.2,29096,35499,55493,6577,0.1,0.5,78.4,21.8,69.8,7,533943,910358,983.53,33.89,44263,133477542.825532
Jorhat,Shoes,Town,823392.297872341,Assam,83.42,1091295,142.6,9,83.42,1091295,142.6,9,121255,6.2,29096,35499,55493,6577,0.1,0.5,78.4,21.8,69.8,7,533943,910358,983.53,33.89,44263,133477542.825532
Jorhat,Home Essentials,Town,14990.170212766,Assam,83.42,1091295,142.6,9,83.42,1091295,142.6,9,121255,6.2,29096,35499,55493,6577,0.1,0.5,78.4,21.8,69.8,7,533943,910358,983.53,33.89,44263,133477542.825532
Jorhat,Home Fashion,Town,4920629.85531915,Assam,83.42,1091295,142.6,9,83.42,1091295,142.6,9,121255,6.2,29096,35499,55493,6577,0.1,0.5,78.4,21.8,69.8,7,533943,910358,983.53,33.89,44263,133477542.825532
Jorhat,Healthcare,Town,17875257.8553192,Assam,83.42,1091295,142.6,9,83.42,1091295,142.6,9,121255,6.2,29096,35499,55493,6577,0.1,0.5,78.4,21.8,69.8,7,533943,910358,983.53,33.89,44263,133477542.825532
Jorhat,Trolley Bags,Town,3660631.39574468,Assam,83.42,1091295,142.6,9,83.42,1091295,142.6,9,121255,6.2,29096,35499,55493,6577,0.1,0.5,78.4,21.8,69.8,7,533943,910358,983.53,33.89,44263,133477542.825532
Jorhat,Plastics,Town,6474161.05106383,Assam,83.42,1091295,142.6,9,83.42,1091295,142.6,9,121255,6.2,29096,35499,55493,6577,0.1,0.5,78.4,21.8,69.8,7,533943,910358,983.53,33.89,44263,133477542.825532
Jorhat,Processed Food,Town,19103691.987234,Assam,83.42,1091295,142.6,9,83.42,1091295,142.6,9,121255,6.2,29096,35499,55493,6577,0.1,0.5,78.4,21.8,69.8,7,533943,910358,983.53,33.89,44263,133477542.825532
Jorhat,Sports,Town,434661.591489362,Assam,83.42,1091295,142.6,9,83.42,1091295,142.6,9,121255,6.2,29096,35499,55493,6577,0.1,0.5,78.4,21.8,69.8,7,533943,910358,983.53,33.89,44263,133477542.825532
Jorhat,Staples,Town,15115969.4851064,Assam,83.42,1091295,142.6,9,83.42,1091295,142.6,9,121255,6.2,29096,35499,55493,6577,0.1,0.5,78.4,21.8,69.8,7,533943,910358,983.53,33.89,44263,133477542.825532
Jorhat,Stationery,Town,1728662.54468085,Assam,83.42,1091295,142.6,9,83.42,1091295,142.6,9,121255,6.2,29096,35499,55493,6577,0.1,0.5,78.4,21.8,69.8,7,533943,910358,983.53,33.89,44263,133477542.825532
Jorhat,Toys,Town,2518931.3787234,Assam,83.42,1091295,142.6,9,83.42,1091295,142.6,9,121255,6.2,29096,35499,55493,6577,0.1,0.5,78.4,21.8,69.8,7,533943,910358,983.53,33.89,44263,133477542.825532
Jorhat,Utensils,Town,4142514.42978724,Assam,83.42,1091295,142.6,9,83.42,1091295,142.6,9,121255,6.2,29096,35499,55493,6577,0.1,0.5,78.4,21.8,69.8,7,533943,910358,983.53,33.89,44263,133477542.825532
Kharagpur,Wellness,Town,1486728.7787234,West Bengal,85.76,207604,143.6,127,85.76,207604,143.6,127,1634.677165,4,43719,55398,88071,13978,1.1,0.8,72.5,14.9,69.5,2.8,101140,178041,1079.25,22.52,70059,179707402.251064
Kharagpur,Cookware,Town,2509206.95744681,West Bengal,85.76,207604,143.6,127,85.76,207604,143.6,127,1634.677165,4,43719,55398,88071,13978,1.1,0.8,72.5,14.9,69.5,2.8,101140,178041,1079.25,22.52,70059,179707402.251064
Kharagpur,Crockery,Town,2233472.18723404,West Bengal,85.76,207604,143.6,127,85.76,207604,143.6,127,1634.677165,4,43719,55398,88071,13978,1.1,0.8,72.5,14.9,69.5,2.8,101140,178041,1079.25,22.52,70059,179707402.251064
Kharagpur,Electronics,Town,6991580.08510638,West Bengal,85.76,207604,143.6,127,85.76,207604,143.6,127,1634.677165,4,43719,55398,88071,13978,1.1,0.8,72.5,14.9,69.5,2.8,101140,178041,1079.25,22.52,70059,179707402.251064
Kharagpur,Farm Fresh,Town,1523359.75744681,West Bengal,85.76,207604,143.6,127,85.76,207604,143.6,127,1634.677165,4,43719,55398,88071,13978,1.1,0.8,72.5,14.9,69.5,2.8,101140,178041,1079.25,22.52,70059,179707402.251064
Kharagpur,Fashion,Town,43997460.0851064,West Bengal,85.76,207604,143.6,127,85.76,207604,143.6,127,1634.677165,4,43719,55398,88071,13978,1.1,0.8,72.5,14.9,69.5,2.8,101140,178041,1079.25,22.52,70059,179707402.251064
Kharagpur,Food Services,Town,6155794.83829787,West Bengal,85.76,207604,143.6,127,85.76,207604,143.6,127,1634.677165,4,43719,55398,88071,13978,1.1,0.8,72.5,14.9,69.5,2.8,101140,178041,1079.25,22.52,70059,179707402.251064
Kharagpur,Shoes,Town,1243483.3787234,West Bengal,85.76,207604,143.6,127,85.76,207604,143.6,127,1634.677165,4,43719,55398,88071,13978,1.1,0.8,72.5,14.9,69.5,2.8,101140,178041,1079.25,22.52,70059,179707402.251064
Kharagpur,Home Essentials,Town,1362975.44255319,West Bengal,85.76,207604,143.6,127,85.76,207604,143.6,127,1634.677165,4,43719,55398,88071,13978,1.1,0.8,72.5,14.9,69.5,2.8,101140,178041,1079.25,22.52,70059,179707402.251064
Kharagpur,Home Fashion,Town,3587086.01702128,West Bengal,85.76,207604,143.6,127,85.76,207604,143.6,127,1634.677165,4,43719,55398,88071,13978,1.1,0.8,72.5,14.9,69.5,2.8,101140,178041,1079.25,22.52,70059,179707402.251064
Kharagpur,Healthcare,Town,21848335.8765957,West Bengal,85.76,207604,143.6,127,85.76,207604,143.6,127,1634.677165,4,43719,55398,88071,13978,1.1,0.8,72.5,14.9,69.5,2.8,101140,178041,1079.25,22.52,70059,179707402.251064
Kharagpur,Trolley Bags,Town,4281189.13191489,West Bengal,85.76,207604,143.6,127,85.76,207604,143.6,127,1634.677165,4,43719,55398,88071,13978,1.1,0.8,72.5,14.9,69.5,2.8,101140,178041,1079.25,22.52,70059,179707402.251064
Kharagpur,Plastics,Town,4223666.60425532,West Bengal,85.76,207604,143.6,127,85.76,207604,143.6,127,1634.677165,4,43719,55398,88071,13978,1.1,0.8,72.5,14.9,69.5,2.8,101140,178041,1079.25,22.52,70059,179707402.251064
Kharagpur,Processed Food,Town,23901341.787234,West Bengal,85.76,207604,143.6,127,85.76,207604,143.6,127,1634.677165,4,43719,55398,88071,13978,1.1,0.8,72.5,14.9,69.5,2.8,101140,178041,1079.25,22.52,70059,179707402.251064
Kharagpur,Sports,Town,327020.357446808,West Bengal,85.76,207604,143.6,127,85.76,207604,143.6,127,1634.677165,4,43719,55398,88071,13978,1.1,0.8,72.5,14.9,69.5,2.8,101140,178041,1079.25,22.52,70059,179707402.251064
Kharagpur,Staples,Town,18524616.8,West Bengal,85.76,207604,143.6,127,85.76,207604,143.6,127,1634.677165,4,43719,55398,88071,13978,1.1,0.8,72.5,14.9,69.5,2.8,101140,178041,1079.25,22.52,70059,179707402.251064
Kharagpur,Stationery,Town,29745709.3914894,West Bengal,85.76,207604,143.6,127,85.76,207604,143.6,127,1634.677165,4,43719,55398,88071,13978,1.1,0.8,72.5,14.9,69.5,2.8,101140,178041,1079.25,22.52,70059,179707402.251064
Kharagpur,Toys,Town,1901587.17446808,West Bengal,85.76,207604,143.6,127,85.76,207604,143.6,127,1634.677165,4,43719,55398,88071,13978,1.1,0.8,72.5,14.9,69.5,2.8,101140,178041,1079.25,22.52,70059,179707402.251064
Kharagpur,Utensils,Town,3862787.6,West Bengal,85.76,207604,143.6,127,85.76,207604,143.6,127,1634.677165,4,43719,55398,88071,13978,1.1,0.8,72.5,14.9,69.5,2.8,101140,178041,1079.25,22.52,70059,179707402.251064
Kolkata,Wellness,City,47474466.4393617,West Bengal,86.31,4496694,143.6,185,86.31,4496694,143.6,185,24306.45405,17.5,848230,1177159,2101087,346996,0.8,0.5,83.8,47.5,84.6,14.2,2190697,3881096,2203.12,14.66,70059,5730797279.75128
Kolkata,Cookware,City,61006916.4878724,West Bengal,86.31,4496694,143.6,185,86.31,4496694,143.6,185,24306.45405,17.5,848230,1177159,2101087,346996,0.8,0.5,83.8,47.5,84.6,14.2,2190697,3881096,2203.12,14.66,70059,5730797279.75128
Kolkata,Crockery,City,83942349.2799999,West Bengal,86.31,4496694,143.6,185,86.31,4496694,143.6,185,24306.45405,17.5,848230,1177159,2101087,346996,0.8,0.5,83.8,47.5,84.6,14.2,2190697,3881096,2203.12,14.66,70059,5730797279.75128
Kolkata,Electronics,City,135168694.49617,West Bengal,86.31,4496694,143.6,185,86.31,4496694,143.6,185,24306.45405,17.5,848230,1177159,2101087,346996,0.8,0.5,83.8,47.5,84.6,14.2,2190697,3881096,2203.12,14.66,70059,5730797279.75128
Kolkata,Farm Fresh,City,45414601.05,West Bengal,86.31,4496694,143.6,185,86.31,4496694,143.6,185,24306.45405,17.5,848230,1177159,2101087,346996,0.8,0.5,83.8,47.5,84.6,14.2,2190697,3881096,2203.12,14.66,70059,5730797279.75128
Kolkata,Fashion,City,2000588008.24043,West Bengal,86.31,4496694,143.6,185,86.31,4496694,143.6,185,24306.45405,17.5,848230,1177159,2101087,346996,0.8,0.5,83.8,47.5,84.6,14.2,2190697,3881096,2203.12,14.66,70059,5730797279.75128
Kolkata,Food Services,City,42565294.3376596,West Bengal,86.31,4496694,143.6,185,86.31,4496694,143.6,185,24306.45405,17.5,848230,1177159,2101087,346996,0.8,0.5,83.8,47.5,84.6,14.2,2190697,3881096,2203.12,14.66,70059,5730797279.75128
Kolkata,Shoes,City,39653509.997234,West Bengal,86.31,4496694,143.6,185,86.31,4496694,143.6,185,24306.45405,17.5,848230,1177159,2101087,346996,0.8,0.5,83.8,47.5,84.6,14.2,2190697,3881096,2203.12,14.66,70059,5730797279.75128
Kolkata,Home Essentials,City,13139154.8793617,West Bengal,86.31,4496694,143.6,185,86.31,4496694,143.6,185,24306.45405,17.5,848230,1177159,2101087,346996,0.8,0.5,83.8,47.5,84.6,14.2,2190697,3881096,2203.12,14.66,70059,5730797279.75128
Kolkata,Home Fashion,City,154149426.681915,West Bengal,86.31,4496694,143.6,185,86.31,4496694,143.6,185,24306.45405,17.5,848230,1177159,2101087,346996,0.8,0.5,83.8,47.5,84.6,14.2,2190697,3881096,2203.12,14.66,70059,5730797279.75128
Kolkata,Healthcare,City,859816642.36383,West Bengal,86.31,4496694,143.6,185,86.31,4496694,143.6,185,24306.45405,17.5,848230,1177159,2101087,346996,0.8,0.5,83.8,47.5,84.6,14.2,2190697,3881096,2203.12,14.66,70059,5730797279.75128
Kolkata,Trolley Bags,City,123524541.645745,West Bengal,86.31,4496694,143.6,185,86.31,4496694,143.6,185,24306.45405,17.5,848230,1177159,2101087,346996,0.8,0.5,83.8,47.5,84.6,14.2,2190697,3881096,2203.12,14.66,70059,5730797279.75128
Kolkata,Plastics,City,148309704.764681,West Bengal,86.31,4496694,143.6,185,86.31,4496694,143.6,185,24306.45405,17.5,848230,1177159,2101087,346996,0.8,0.5,83.8,47.5,84.6,14.2,2190697,3881096,2203.12,14.66,70059,5730797279.75128
Kolkata,Processed Food,City,958744968.042978,West Bengal,86.31,4496694,143.6,185,86.31,4496694,143.6,185,24306.45405,17.5,848230,1177159,2101087,346996,0.8,0.5,83.8,47.5,84.6,14.2,2190697,3881096,2203.12,14.66,70059,5730797279.75128
Kolkata,Sports,City,9617598.97106383,West Bengal,86.31,4496694,143.6,185,86.31,4496694,143.6,185,24306.45405,17.5,848230,1177159,2101087,346996,0.8,0.5,83.8,47.5,84.6,14.2,2190697,3881096,2203.12,14.66,70059,5730797279.75128
Kolkata,Staples,City,702099029.160212,West Bengal,86.31,4496694,143.6,185,86.31,4496694,143.6,185,24306.45405,17.5,848230,1177159,2101087,346996,0.8,0.5,83.8,47.5,84.6,14.2,2190697,3881096,2203.12,14.66,70059,5730797279.75128
Kolkata,Stationery,City,125357324.688085,West Bengal,86.31,4496694,143.6,185,86.31,4496694,143.6,185,24306.45405,17.5,848230,1177159,2101087,346996,0.8,0.5,83.8,47.5,84.6,14.2,2190697,3881096,2203.12,14.66,70059,5730797279.75128
Kolkata,Toys,City,58271187.6702128,West Bengal,86.31,4496694,143.6,185,86.31,4496694,143.6,185,24306.45405,17.5,848230,1177159,2101087,346996,0.8,0.5,83.8,47.5,84.6,14.2,2190697,3881096,2203.12,14.66,70059,5730797279.75128
Kolkata,Utensils,City,121953860.554468,West Bengal,86.31,4496694,143.6,185,86.31,4496694,143.6,185,24306.45405,17.5,848230,1177159,2101087,346996,0.8,0.5,83.8,47.5,84.6,14.2,2190697,3881096,2203.12,14.66,70059,5730797279.75128
Nagpur,Wellness,City,6972922.79,Maharashtra,91.92,2405665,138.5,217.6,91.92,2405665,138.5,217.6,11055.44577,10.5,561605,682210,1013438,139818,0.9,0.5,73,32.9,84,8.2,1158560,2211287,2441.07,9.12,117091,1490285138.17
Nagpur,Cookware,City,20557121.79,Maharashtra,91.92,2405665,138.5,217.6,91.92,2405665,138.5,217.6,11055.44577,10.5,561605,682210,1013438,139818,0.9,0.5,73,32.9,84,8.2,1158560,2211287,2441.07,9.12,117091,1490285138.17
Nagpur,Crockery,City,22719115.27,Maharashtra,91.92,2405665,138.5,217.6,91.92,2405665,138.5,217.6,11055.44577,10.5,561605,682210,1013438,139818,0.9,0.5,73,32.9,84,8.2,1158560,2211287,2441.07,9.12,117091,1490285138.17
Nagpur,Electronics,City,22404343.47,Maharashtra,91.92,2405665,138.5,217.6,91.92,2405665,138.5,217.6,11055.44577,10.5,561605,682210,1013438,139818,0.9,0.5,73,32.9,84,8.2,1158560,2211287,2441.07,9.12,117091,1490285138.17
Nagpur,Farm Fresh,City,9252046.89999999,Maharashtra,91.92,2405665,138.5,217.6,91.92,2405665,138.5,217.6,11055.44577,10.5,561605,682210,1013438,139818,0.9,0.5,73,32.9,84,8.2,1158560,2211287,2441.07,9.12,117091,1490285138.17
Nagpur,Fashion,City,420143072.36,Maharashtra,91.92,2405665,138.5,217.6,91.92,2405665,138.5,217.6,11055.44577,10.5,561605,682210,1013438,139818,0.9,0.5,73,32.9,84,8.2,1158560,2211287,2441.07,9.12,117091,1490285138.17
Nagpur,Food Services,City,22378396.95,Maharashtra,91.92,2405665,138.5,217.6,91.92,2405665,138.5,217.6,11055.44577,10.5,561605,682210,1013438,139818,0.9,0.5,73,32.9,84,8.2,1158560,2211287,2441.07,9.12,117091,1490285138.17
Nagpur,Shoes,City,20026664.14,Maharashtra,91.92,2405665,138.5,217.6,91.92,2405665,138.5,217.6,11055.44577,10.5,561605,682210,1013438,139818,0.9,0.5,73,32.9,84,8.2,1158560,2211287,2441.07,9.12,117091,1490285138.17
Nagpur,Home Essentials,City,4414673,Maharashtra,91.92,2405665,138.5,217.6,91.92,2405665,138.5,217.6,11055.44577,10.5,561605,682210,1013438,139818,0.9,0.5,73,32.9,84,8.2,1158560,2211287,2441.07,9.12,117091,1490285138.17
Nagpur,Home Fashion,City,43768068.84,Maharashtra,91.92,2405665,138.5,217.6,91.92,2405665,138.5,217.6,11055.44577,10.5,561605,682210,1013438,139818,0.9,0.5,73,32.9,84,8.2,1158560,2211287,2441.07,9.12,117091,1490285138.17
Nagpur,Healthcare,City,274078851.26,Maharashtra,91.92,2405665,138.5,217.6,91.92,2405665,138.5,217.6,11055.44577,10.5,561605,682210,1013438,139818,0.9,0.5,73,32.9,84,8.2,1158560,2211287,2441.07,9.12,117091,1490285138.17
Nagpur,Trolley Bags,City,43601559.47,Maharashtra,91.92,2405665,138.5,217.6,91.92,2405665,138.5,217.6,11055.44577,10.5,561605,682210,1013438,139818,0.9,0.5,73,32.9,84,8.2,1158560,2211287,2441.07,9.12,117091,1490285138.17
Nagpur,Plastics,City,50676361.82,Maharashtra,91.92,2405665,138.5,217.6,91.92,2405665,138.5,217.6,11055.44577,10.5,561605,682210,1013438,139818,0.9,0.5,73,32.9,84,8.2,1158560,2211287,2441.07,9.12,117091,1490285138.17
Nagpur,Processed Food,City,192819255.86,Maharashtra,91.92,2405665,138.5,217.6,91.92,2405665,138.5,217.6,11055.44577,10.5,561605,682210,1013438,139818,0.9,0.5,73,32.9,84,8.2,1158560,2211287,2441.07,9.12,117091,1490285138.17
Nagpur,Sports,City,4372657.37,Maharashtra,91.92,2405665,138.5,217.6,91.92,2405665,138.5,217.6,11055.44577,10.5,561605,682210,1013438,139818,0.9,0.5,73,32.9,84,8.2,1158560,2211287,2441.07,9.12,117091,1490285138.17
Nagpur,Staples,City,220452245.06,Maharashtra,91.92,2405665,138.5,217.6,91.92,2405665,138.5,217.6,11055.44577,10.5,561605,682210,1013438,139818,0.9,0.5,73,32.9,84,8.2,1158560,2211287,2441.07,9.12,117091,1490285138.17
Nagpur,Stationery,City,60878118.5900001,Maharashtra,91.92,2405665,138.5,217.6,91.92,2405665,138.5,217.6,11055.44577,10.5,561605,682210,1013438,139818,0.9,0.5,73,32.9,84,8.2,1158560,2211287,2441.07,9.12,117091,1490285138.17
Nagpur,Toys,City,19409442.4,Maharashtra,91.92,2405665,138.5,217.6,91.92,2405665,138.5,217.6,11055.44577,10.5,561605,682210,1013438,139818,0.9,0.5,73,32.9,84,8.2,1158560,2211287,2441.07,9.12,117091,1490285138.17
Nagpur,Utensils,City,31360220.83,Maharashtra,91.92,2405665,138.5,217.6,91.92,2405665,138.5,217.6,11055.44577,10.5,561605,682210,1013438,139818,0.9,0.5,73,32.9,84,8.2,1158560,2211287,2441.07,9.12,117091,1490285138.17
Patna,Wellness,City,10479370.75,Bihar,83.37,1684222,144,297.9,83.37,1684222,144,297.9,5653.648875,5.8,487891,485995,626086,79543,0.7,0.3,76.4,28.1,75.6,8.7,806108,1404135,1444.88,31.23,31199,1379989939.74
Patna,Cookware,City,17121861.25,Bihar,83.37,1684222,144,297.9,83.37,1684222,144,297.9,5653.648875,5.8,487891,485995,626086,79543,0.7,0.3,76.4,28.1,75.6,8.7,806108,1404135,1444.88,31.23,31199,1379989939.74
Patna,Crockery,City,27479224.55,Bihar,83.37,1684222,144,297.9,83.37,1684222,144,297.9,5653.648875,5.8,487891,485995,626086,79543,0.7,0.3,76.4,28.1,75.6,8.7,806108,1404135,1444.88,31.23,31199,1379989939.74
Patna,Electronics,City,41502433.9,Bihar,83.37,1684222,144,297.9,83.37,1684222,144,297.9,5653.648875,5.8,487891,485995,626086,79543,0.7,0.3,76.4,28.1,75.6,8.7,806108,1404135,1444.88,31.23,31199,1379989939.74
Patna,Farm Fresh,City,7849915.56,Bihar,83.37,1684222,144,297.9,83.37,1684222,144,297.9,5653.648875,5.8,487891,485995,626086,79543,0.7,0.3,76.4,28.1,75.6,8.7,806108,1404135,1444.88,31.23,31199,1379989939.74
Patna,Fashion,City,432310550.39,Bihar,83.37,1684222,144,297.9,83.37,1684222,144,297.9,5653.648875,5.8,487891,485995,626086,79543,0.7,0.3,76.4,28.1,75.6,8.7,806108,1404135,1444.88,31.23,31199,1379989939.74
Patna,Food Services,City,9683903.87,Bihar,83.37,1684222,144,297.9,83.37,1684222,144,297.9,5653.648875,5.8,487891,485995,626086,79543,0.7,0.3,76.4,28.1,75.6,8.7,806108,1404135,1444.88,31.23,31199,1379989939.74
Patna,Shoes,City,14913642.85,Bihar,83.37,1684222,144,297.9,83.37,1684222,144,297.9,5653.648875,5.8,487891,485995,626086,79543,0.7,0.3,76.4,28.1,75.6,8.7,806108,1404135,1444.88,31.23,31199,1379989939.74
Patna,Home Essentials,City,48692.8,Bihar,83.37,1684222,144,297.9,83.37,1684222,144,297.9,5653.648875,5.8,487891,485995,626086,79543,0.7,0.3,76.4,28.1,75.6,8.7,806108,1404135,1444.88,31.23,31199,1379989939.74
Patna,Home Fashion,City,53580834.25,Bihar,83.37,1684222,144,297.9,83.37,1684222,144,297.9,5653.648875,5.8,487891,485995,626086,79543,0.7,0.3,76.4,28.1,75.6,8.7,806108,1404135,1444.88,31.23,31199,1379989939.74
Patna,Healthcare,City,234300936.21,Bihar,83.37,1684222,144,297.9,83.37,1684222,144,297.9,5653.648875,5.8,487891,485995,626086,79543,0.7,0.3,76.4,28.1,75.6,8.7,806108,1404135,1444.88,31.23,31199,1379989939.74
Patna,Trolley Bags,City,40043357.93,Bihar,83.37,1684222,144,297.9,83.37,1684222,144,297.9,5653.648875,5.8,487891,485995,626086,79543,0.7,0.3,76.4,28.1,75.6,8.7,806108,1404135,1444.88,31.23,31199,1379989939.74
Patna,Plastics,City,49441503.82,Bihar,83.37,1684222,144,297.9,83.37,1684222,144,297.9,5653.648875,5.8,487891,485995,626086,79543,0.7,0.3,76.4,28.1,75.6,8.7,806108,1404135,1444.88,31.23,31199,1379989939.74
Patna,Processed Food,City,189814253.63,Bihar,83.37,1684222,144,297.9,83.37,1684222,144,297.9,5653.648875,5.8,487891,485995,626086,79543,0.7,0.3,76.4,28.1,75.6,8.7,806108,1404135,1444.88,31.23,31199,1379989939.74
Patna,Sports,City,4249439.27,Bihar,83.37,1684222,144,297.9,83.37,1684222,144,297.9,5653.648875,5.8,487891,485995,626086,79543,0.7,0.3,76.4,28.1,75.6,8.7,806108,1404135,1444.88,31.23,31199,1379989939.74
Patna,Staples,City,179825132.26,Bihar,83.37,1684222,144,297.9,83.37,1684222,144,297.9,5653.648875,5.8,487891,485995,626086,79543,0.7,0.3,76.4,28.1,75.6,8.7,806108,1404135,1444.88,31.23,31199,1379989939.74
Patna,Stationery,City,18595491.3,Bihar,83.37,1684222,144,297.9,83.37,1684222,144,297.9,5653.648875,5.8,487891,485995,626086,79543,0.7,0.3,76.4,28.1,75.6,8.7,806108,1404135,1444.88,31.23,31199,1379989939.74
Patna,Toys,City,19304017.04,Bihar,83.37,1684222,144,297.9,83.37,1684222,144,297.9,5653.648875,5.8,487891,485995,626086,79543,0.7,0.3,76.4,28.1,75.6,8.7,806108,1404135,1444.88,31.23,31199,1379989939.74
Patna,Utensils,City,29445378.11,Bihar,83.37,1684222,144,297.9,83.37,1684222,144,297.9,5653.648875,5.8,487891,485995,626086,79543,0.7,0.3,76.4,28.1,75.6,8.7,806108,1404135,1444.88,31.23,31199,1379989939.74
Raipur,Wellness,City,1453934.27,Chhatisgarh,85.95,1010433,141.6,226,85.95,1010433,141.6,226,4470.942478,7.1,283849,308453,389475,39598,1.7,0.4,52.5,21.2,71.3,6.2,502932,868467,1682.84,24.75,58547,376383760.87
Raipur,Cookware,City,4304977.6,Chhatisgarh,85.95,1010433,141.6,226,85.95,1010433,141.6,226,4470.942478,7.1,283849,308453,389475,39598,1.7,0.4,52.5,21.2,71.3,6.2,502932,868467,1682.84,24.75,58547,376383760.87
Raipur,Crockery,City,5230821.74,Chhatisgarh,85.95,1010433,141.6,226,85.95,1010433,141.6,226,4470.942478,7.1,283849,308453,389475,39598,1.7,0.4,52.5,21.2,71.3,6.2,502932,868467,1682.84,24.75,58547,376383760.87
Raipur,Electronics,City,4133098.89,Chhatisgarh,85.95,1010433,141.6,226,85.95,1010433,141.6,226,4470.942478,7.1,283849,308453,389475,39598,1.7,0.4,52.5,21.2,71.3,6.2,502932,868467,1682.84,24.75,58547,376383760.87
Raipur,Farm Fresh,City,1964198.13,Chhatisgarh,85.95,1010433,141.6,226,85.95,1010433,141.6,226,4470.942478,7.1,283849,308453,389475,39598,1.7,0.4,52.5,21.2,71.3,6.2,502932,868467,1682.84,24.75,58547,376383760.87
Raipur,Fashion,City,127443301.99,Chhatisgarh,85.95,1010433,141.6,226,85.95,1010433,141.6,226,4470.942478,7.1,283849,308453,389475,39598,1.7,0.4,52.5,21.2,71.3,6.2,502932,868467,1682.84,24.75,58547,376383760.87
Raipur,Food Services,City,6896740.1,Chhatisgarh,85.95,1010433,141.6,226,85.95,1010433,141.6,226,4470.942478,7.1,283849,308453,389475,39598,1.7,0.4,52.5,21.2,71.3,6.2,502932,868467,1682.84,24.75,58547,376383760.87
Raipur,Shoes,City,8016501.4,Chhatisgarh,85.95,1010433,141.6,226,85.95,1010433,141.6,226,4470.942478,7.1,283849,308453,389475,39598,1.7,0.4,52.5,21.2,71.3,6.2,502932,868467,1682.84,24.75,58547,376383760.87
Raipur,Home Essentials,City,748274.83,Chhatisgarh,85.95,1010433,141.6,226,85.95,1010433,141.6,226,4470.942478,7.1,283849,308453,389475,39598,1.7,0.4,52.5,21.2,71.3,6.2,502932,868467,1682.84,24.75,58547,376383760.87
Raipur,Home Fashion,City,13826243.45,Chhatisgarh,85.95,1010433,141.6,226,85.95,1010433,141.6,226,4470.942478,7.1,283849,308453,389475,39598,1.7,0.4,52.5,21.2,71.3,6.2,502932,868467,1682.84,24.75,58547,376383760.87
Raipur,Healthcare,City,65966056.83,Chhatisgarh,85.95,1010433,141.6,226,85.95,1010433,141.6,226,4470.942478,7.1,283849,308453,389475,39598,1.7,0.4,52.5,21.2,71.3,6.2,502932,868467,1682.84,24.75,58547,376383760.87
Raipur,Trolley Bags,City,14506344.3,Chhatisgarh,85.95,1010433,141.6,226,85.95,1010433,141.6,226,4470.942478,7.1,283849,308453,389475,39598,1.7,0.4,52.5,21.2,71.3,6.2,502932,868467,1682.84,24.75,58547,376383760.87
Raipur,Plastics,City,12540858.15,Chhatisgarh,85.95,1010433,141.6,226,85.95,1010433,141.6,226,4470.942478,7.1,283849,308453,389475,39598,1.7,0.4,52.5,21.2,71.3,6.2,502932,868467,1682.84,24.75,58547,376383760.87
Raipur,Processed Food,City,46926646.66,Chhatisgarh,85.95,1010433,141.6,226,85.95,1010433,141.6,226,4470.942478,7.1,283849,308453,389475,39598,1.7,0.4,52.5,21.2,71.3,6.2,502932,868467,1682.84,24.75,58547,376383760.87
Raipur,Sports,City,1137986.86,Chhatisgarh,85.95,1010433,141.6,226,85.95,1010433,141.6,226,4470.942478,7.1,283849,308453,389475,39598,1.7,0.4,52.5,21.2,71.3,6.2,502932,868467,1682.84,24.75,58547,376383760.87
Raipur,Staples,City,35942257.84,Chhatisgarh,85.95,1010433,141.6,226,85.95,1010433,141.6,226,4470.942478,7.1,283849,308453,389475,39598,1.7,0.4,52.5,21.2,71.3,6.2,502932,868467,1682.84,24.75,58547,376383760.87
Raipur,Stationery,City,12777238.46,Chhatisgarh,85.95,1010433,141.6,226,85.95,1010433,141.6,226,4470.942478,7.1,283849,308453,389475,39598,1.7,0.4,52.5,21.2,71.3,6.2,502932,868467,1682.84,24.75,58547,376383760.87
Raipur,Toys,City,4729141.81,Chhatisgarh,85.95,1010433,141.6,226,85.95,1010433,141.6,226,4470.942478,7.1,283849,308453,389475,39598,1.7,0.4,52.5,21.2,71.3,6.2,502932,868467,1682.84,24.75,58547,376383760.87
Raipur,Utensils,City,7839137.56,Chhatisgarh,85.95,1010433,141.6,226,85.95,1010433,141.6,226,4470.942478,7.1,283849,308453,389475,39598,1.7,0.4,52.5,21.2,71.3,6.2,502932,868467,1682.84,24.75,58547,376383760.87
Ranchi,Wellness,City,3777661.51,Jharkhand,87.37,1073427,142.2,175,87.37,1073427,142.2,175,6133.868571,7.7,290906,320595,397526,45548,0.7,0.2,78.7,29,75.6,8.9,522386,937853,1444.88,24.83,46131,723033368.36
Ranchi,Cookware,City,9340577.99,Jharkhand,87.37,1073427,142.2,175,87.37,1073427,142.2,175,6133.868571,7.7,290906,320595,397526,45548,0.7,0.2,78.7,29,75.6,8.9,522386,937853,1444.88,24.83,46131,723033368.36
Ranchi,Crockery,City,16479915.03,Jharkhand,87.37,1073427,142.2,175,87.37,1073427,142.2,175,6133.868571,7.7,290906,320595,397526,45548,0.7,0.2,78.7,29,75.6,8.9,522386,937853,1444.88,24.83,46131,723033368.36
Ranchi,Electronics,City,-62221.22,Jharkhand,87.37,1073427,142.2,175,87.37,1073427,142.2,175,6133.868571,7.7,290906,320595,397526,45548,0.7,0.2,78.7,29,75.6,8.9,522386,937853,1444.88,24.83,46131,723033368.36
Ranchi,Farm Fresh,City,5342120.97,Jharkhand,87.37,1073427,142.2,175,87.37,1073427,142.2,175,6133.868571,7.7,290906,320595,397526,45548,0.7,0.2,78.7,29,75.6,8.9,522386,937853,1444.88,24.83,46131,723033368.36
Ranchi,Fashion,City,248896490.76,Jharkhand,87.37,1073427,142.2,175,87.37,1073427,142.2,175,6133.868571,7.7,290906,320595,397526,45548,0.7,0.2,78.7,29,75.6,8.9,522386,937853,1444.88,24.83,46131,723033368.36
Ranchi,Food Services,City,4477297.34,Jharkhand,87.37,1073427,142.2,175,87.37,1073427,142.2,175,6133.868571,7.7,290906,320595,397526,45548,0.7,0.2,78.7,29,75.6,8.9,522386,937853,1444.88,24.83,46131,723033368.36
Ranchi,Shoes,City,7605499.17,Jharkhand,87.37,1073427,142.2,175,87.37,1073427,142.2,175,6133.868571,7.7,290906,320595,397526,45548,0.7,0.2,78.7,29,75.6,8.9,522386,937853,1444.88,24.83,46131,723033368.36
Ranchi,Home Essentials,City,1282931.41,Jharkhand,87.37,1073427,142.2,175,87.37,1073427,142.2,175,6133.868571,7.7,290906,320595,397526,45548,0.7,0.2,78.7,29,75.6,8.9,522386,937853,1444.88,24.83,46131,723033368.36
Ranchi,Home Fashion,City,24632360.85,Jharkhand,87.37,1073427,142.2,175,87.37,1073427,142.2,175,6133.868571,7.7,290906,320595,397526,45548,0.7,0.2,78.7,29,75.6,8.9,522386,937853,1444.88,24.83,46131,723033368.36
Ranchi,Healthcare,City,111957733.19,Jharkhand,87.37,1073427,142.2,175,87.37,1073427,142.2,175,6133.868571,7.7,290906,320595,397526,45548,0.7,0.2,78.7,29,75.6,8.9,522386,937853,1444.88,24.83,46131,723033368.36
Ranchi,Trolley Bags,City,29676426.4,Jharkhand,87.37,1073427,142.2,175,87.37,1073427,142.2,175,6133.868571,7.7,290906,320595,397526,45548,0.7,0.2,78.7,29,75.6,8.9,522386,937853,1444.88,24.83,46131,723033368.36
Ranchi,Plastics,City,28212395.83,Jharkhand,87.37,1073427,142.2,175,87.37,1073427,142.2,175,6133.868571,7.7,290906,320595,397526,45548,0.7,0.2,78.7,29,75.6,8.9,522386,937853,1444.88,24.83,46131,723033368.36
Ranchi,Processed Food,City,92150236.74,Jharkhand,87.37,1073427,142.2,175,87.37,1073427,142.2,175,6133.868571,7.7,290906,320595,397526,45548,0.7,0.2,78.7,29,75.6,8.9,522386,937853,1444.88,24.83,46131,723033368.36
Ranchi,Sports,City,1954416.23,Jharkhand,87.37,1073427,142.2,175,87.37,1073427,142.2,175,6133.868571,7.7,290906,320595,397526,45548,0.7,0.2,78.7,29,75.6,8.9,522386,937853,1444.88,24.83,46131,723033368.36
Ranchi,Staples,City,82653813.79,Jharkhand,87.37,1073427,142.2,175,87.37,1073427,142.2,175,6133.868571,7.7,290906,320595,397526,45548,0.7,0.2,78.7,29,75.6,8.9,522386,937853,1444.88,24.83,46131,723033368.36
Ranchi,Stationery,City,28672099.17,Jharkhand,87.37,1073427,142.2,175,87.37,1073427,142.2,175,6133.868571,7.7,290906,320595,397526,45548,0.7,0.2,78.7,29,75.6,8.9,522386,937853,1444.88,24.83,46131,723033368.36
Ranchi,Toys,City,9494025.13,Jharkhand,87.37,1073427,142.2,175,87.37,1073427,142.2,175,6133.868571,7.7,290906,320595,397526,45548,0.7,0.2,78.7,29,75.6,8.9,522386,937853,1444.88,24.83,46131,723033368.36
Ranchi,Utensils,City,16489588.07,Jharkhand,87.37,1073427,142.2,175,87.37,1073427,142.2,175,6133.868571,7.7,290906,320595,397526,45548,0.7,0.2,78.7,29,75.6,8.9,522386,937853,1444.88,24.83,46131,723033368.36
Sambalpur,Wellness,Town,914083.68,Orissa,85.53,184000,144.5,670,85.53,184000,144.5,670,274.6268657,9.2,46247,55080,78356,9215,0.6,0.2,69.6,9.1,73.3,6.5,91023,157375,789.26,35.69,52559,304827535.85
Sambalpur,Cookware,Town,5586852.46,Orissa,85.53,184000,144.5,670,85.53,184000,144.5,670,274.6268657,9.2,46247,55080,78356,9215,0.6,0.2,69.6,9.1,73.3,6.5,91023,157375,789.26,35.69,52559,304827535.85
Sambalpur,Crockery,Town,5498122.67,Orissa,85.53,184000,144.5,670,85.53,184000,144.5,670,274.6268657,9.2,46247,55080,78356,9215,0.6,0.2,69.6,9.1,73.3,6.5,91023,157375,789.26,35.69,52559,304827535.85
Sambalpur,Electronics,Town,9442586.52,Orissa,85.53,184000,144.5,670,85.53,184000,144.5,670,274.6268657,9.2,46247,55080,78356,9215,0.6,0.2,69.6,9.1,73.3,6.5,91023,157375,789.26,35.69,52559,304827535.85
Sambalpur,Farm Fresh,Town,7288194.42,Orissa,85.53,184000,144.5,670,85.53,184000,144.5,670,274.6268657,9.2,46247,55080,78356,9215,0.6,0.2,69.6,9.1,73.3,6.5,91023,157375,789.26,35.69,52559,304827535.85
Sambalpur,Fashion,Town,80520402.06,Orissa,85.53,184000,144.5,670,85.53,184000,144.5,670,274.6268657,9.2,46247,55080,78356,9215,0.6,0.2,69.6,9.1,73.3,6.5,91023,157375,789.26,35.69,52559,304827535.85
Sambalpur,Food Services,Town,211095.17,Orissa,85.53,184000,144.5,670,85.53,184000,144.5,670,274.6268657,9.2,46247,55080,78356,9215,0.6,0.2,69.6,9.1,73.3,6.5,91023,157375,789.26,35.69,52559,304827535.85
Sambalpur,Shoes,Town,587432.02,Orissa,85.53,184000,144.5,670,85.53,184000,144.5,670,274.6268657,9.2,46247,55080,78356,9215,0.6,0.2,69.6,9.1,73.3,6.5,91023,157375,789.26,35.69,52559,304827535.85
Sambalpur,Home Essentials,Town,409,Orissa,85.53,184000,144.5,670,85.53,184000,144.5,670,274.6268657,9.2,46247,55080,78356,9215,0.6,0.2,69.6,9.1,73.3,6.5,91023,157375,789.26,35.69,52559,304827535.85
Sambalpur,Home Fashion,Town,12004514.31,Orissa,85.53,184000,144.5,670,85.53,184000,144.5,670,274.6268657,9.2,46247,55080,78356,9215,0.6,0.2,69.6,9.1,73.3,6.5,91023,157375,789.26,35.69,52559,304827535.85
Sambalpur,Healthcare,Town,56020341.41,Orissa,85.53,184000,144.5,670,85.53,184000,144.5,670,274.6268657,9.2,46247,55080,78356,9215,0.6,0.2,69.6,9.1,73.3,6.5,91023,157375,789.26,35.69,52559,304827535.85
Sambalpur,Trolley Bags,Town,8163995.71,Orissa,85.53,184000,144.5,670,85.53,184000,144.5,670,274.6268657,9.2,46247,55080,78356,9215,0.6,0.2,69.6,9.1,73.3,6.5,91023,157375,789.26,35.69,52559,304827535.85
Sambalpur,Plastics,Town,13616891.9,Orissa,85.53,184000,144.5,670,85.53,184000,144.5,670,274.6268657,9.2,46247,55080,78356,9215,0.6,0.2,69.6,9.1,73.3,6.5,91023,157375,789.26,35.69,52559,304827535.85
Sambalpur,Processed Food,Town,52996907.49,Orissa,85.53,184000,144.5,670,85.53,184000,144.5,670,274.6268657,9.2,46247,55080,78356,9215,0.6,0.2,69.6,9.1,73.3,6.5,91023,157375,789.26,35.69,52559,304827535.85
Sambalpur,Sports,Town,1230373.31,Orissa,85.53,184000,144.5,670,85.53,184000,144.5,670,274.6268657,9.2,46247,55080,78356,9215,0.6,0.2,69.6,9.1,73.3,6.5,91023,157375,789.26,35.69,52559,304827535.85
Sambalpur,Staples,Town,34802523.86,Orissa,85.53,184000,144.5,670,85.53,184000,144.5,670,274.6268657,9.2,46247,55080,78356,9215,0.6,0.2,69.6,9.1,73.3,6.5,91023,157375,789.26,35.69,52559,304827535.85
Sambalpur,Stationery,Town,1704049.79,Orissa,85.53,184000,144.5,670,85.53,184000,144.5,670,274.6268657,9.2,46247,55080,78356,9215,0.6,0.2,69.6,9.1,73.3,6.5,91023,157375,789.26,35.69,52559,304827535.85
Sambalpur,Toys,Town,4899006.35,Orissa,85.53,184000,144.5,670,85.53,184000,144.5,670,274.6268657,9.2,46247,55080,78356,9215,0.6,0.2,69.6,9.1,73.3,6.5,91023,157375,789.26,35.69,52559,304827535.85
Sambalpur,Utensils,Town,9339753.72,Orissa,85.53,184000,144.5,670,85.53,184000,144.5,670,274.6268657,9.2,46247,55080,78356,9215,0.6,0.2,69.6,9.1,73.3,6.5,91023,157375,789.26,35.69,52559,304827535.85
Silchar,Wellness,Town,799186.36,Assam,90.93,172830,142.6,343,90.93,172830,142.6,343,503.877551,8.3,40355,48694,79150,10625,2.6,1,66.8,15.7,64.2,5.7,84561,157154,983.53,33.89,44263,149078722.29
Silchar,Cookware,Town,2376502.84,Assam,90.93,172830,142.6,343,90.93,172830,142.6,343,503.877551,8.3,40355,48694,79150,10625,2.6,1,66.8,15.7,64.2,5.7,84561,157154,983.53,33.89,44263,149078722.29
Silchar,Crockery,Town,3387855,Assam,90.93,172830,142.6,343,90.93,172830,142.6,343,503.877551,8.3,40355,48694,79150,10625,2.6,1,66.8,15.7,64.2,5.7,84561,157154,983.53,33.89,44263,149078722.29
Silchar,Electronics,Town,5433230.03,Assam,90.93,172830,142.6,343,90.93,172830,142.6,343,503.877551,8.3,40355,48694,79150,10625,2.6,1,66.8,15.7,64.2,5.7,84561,157154,983.53,33.89,44263,149078722.29
Silchar,Farm Fresh,Town,23787.57,Assam,90.93,172830,142.6,343,90.93,172830,142.6,343,503.877551,8.3,40355,48694,79150,10625,2.6,1,66.8,15.7,64.2,5.7,84561,157154,983.53,33.89,44263,149078722.29
Silchar,Fashion,Town,49436721.78,Assam,90.93,172830,142.6,343,90.93,172830,142.6,343,503.877551,8.3,40355,48694,79150,10625,2.6,1,66.8,15.7,64.2,5.7,84561,157154,983.53,33.89,44263,149078722.29
Silchar,Food Services,Town,1060,Assam,90.93,172830,142.6,343,90.93,172830,142.6,343,503.877551,8.3,40355,48694,79150,10625,2.6,1,66.8,15.7,64.2,5.7,84561,157154,983.53,33.89,44263,149078722.29
Silchar,Shoes,Town,393438.56,Assam,90.93,172830,142.6,343,90.93,172830,142.6,343,503.877551,8.3,40355,48694,79150,10625,2.6,1,66.8,15.7,64.2,5.7,84561,157154,983.53,33.89,44263,149078722.29
Silchar,Home Essentials,Town,0,Assam,90.93,172830,142.6,343,90.93,172830,142.6,343,503.877551,8.3,40355,48694,79150,10625,2.6,1,66.8,15.7,64.2,5.7,84561,157154,983.53,33.89,44263,149078722.29
Silchar,Home Fashion,Town,5946052.57,Assam,90.93,172830,142.6,343,90.93,172830,142.6,343,503.877551,8.3,40355,48694,79150,10625,2.6,1,66.8,15.7,64.2,5.7,84561,157154,983.53,33.89,44263,149078722.29
Silchar,Healthcare,Town,18954391.88,Assam,90.93,172830,142.6,343,90.93,172830,142.6,343,503.877551,8.3,40355,48694,79150,10625,2.6,1,66.8,15.7,64.2,5.7,84561,157154,983.53,33.89,44263,149078722.29
Silchar,Trolley Bags,Town,4372821.86,Assam,90.93,172830,142.6,343,90.93,172830,142.6,343,503.877551,8.3,40355,48694,79150,10625,2.6,1,66.8,15.7,64.2,5.7,84561,157154,983.53,33.89,44263,149078722.29
Silchar,Plastics,Town,6435073.73,Assam,90.93,172830,142.6,343,90.93,172830,142.6,343,503.877551,8.3,40355,48694,79150,10625,2.6,1,66.8,15.7,64.2,5.7,84561,157154,983.53,33.89,44263,149078722.29
Silchar,Processed Food,Town,18902779.39,Assam,90.93,172830,142.6,343,90.93,172830,142.6,343,503.877551,8.3,40355,48694,79150,10625,2.6,1,66.8,15.7,64.2,5.7,84561,157154,983.53,33.89,44263,149078722.29
Silchar,Sports,Town,480376.59,Assam,90.93,172830,142.6,343,90.93,172830,142.6,343,503.877551,8.3,40355,48694,79150,10625,2.6,1,66.8,15.7,64.2,5.7,84561,157154,983.53,33.89,44263,149078722.29
Silchar,Staples,Town,19460455.96,Assam,90.93,172830,142.6,343,90.93,172830,142.6,343,503.877551,8.3,40355,48694,79150,10625,2.6,1,66.8,15.7,64.2,5.7,84561,157154,983.53,33.89,44263,149078722.29
Silchar,Stationery,Town,4325342.2,Assam,90.93,172830,142.6,343,90.93,172830,142.6,343,503.877551,8.3,40355,48694,79150,10625,2.6,1,66.8,15.7,64.2,5.7,84561,157154,983.53,33.89,44263,149078722.29
Silchar,Toys,Town,3222368.03,Assam,90.93,172830,142.6,343,90.93,172830,142.6,343,503.877551,8.3,40355,48694,79150,10625,2.6,1,66.8,15.7,64.2,5.7,84561,157154,983.53,33.89,44263,149078722.29
Silchar,Utensils,Town,5127277.94,Assam,90.93,172830,142.6,343,90.93,172830,142.6,343,503.877551,8.3,40355,48694,79150,10625,2.6,1,66.8,15.7,64.2,5.7,84561,157154,983.53,33.89,44263,149078722.29
Siliguri,Wellness,City,3573647,West Bengal,85.91,513264,143.6,260,85.91,513264,143.6,260,1974.092308,7.1,122698,144906,217589,26834,1.1,0.7,64.4,18.8,77.4,4.6,250051,440945,2203.12,14.66,70059,605751181.52
Siliguri,Cookware,City,6072856.86,West Bengal,85.91,513264,143.6,260,85.91,513264,143.6,260,1974.092308,7.1,122698,144906,217589,26834,1.1,0.7,64.4,18.8,77.4,4.6,250051,440945,2203.12,14.66,70059,605751181.52
Siliguri,Crockery,City,9270922.98,West Bengal,85.91,513264,143.6,260,85.91,513264,143.6,260,1974.092308,7.1,122698,144906,217589,26834,1.1,0.7,64.4,18.8,77.4,4.6,250051,440945,2203.12,14.66,70059,605751181.52
Siliguri,Electronics,City,18821931.61,West Bengal,85.91,513264,143.6,260,85.91,513264,143.6,260,1974.092308,7.1,122698,144906,217589,26834,1.1,0.7,64.4,18.8,77.4,4.6,250051,440945,2203.12,14.66,70059,605751181.52
Siliguri,Farm Fresh,City,5275370.95,West Bengal,85.91,513264,143.6,260,85.91,513264,143.6,260,1974.092308,7.1,122698,144906,217589,26834,1.1,0.7,64.4,18.8,77.4,4.6,250051,440945,2203.12,14.66,70059,605751181.52
Siliguri,Fashion,City,259159977.51,West Bengal,85.91,513264,143.6,260,85.91,513264,143.6,260,1974.092308,7.1,122698,144906,217589,26834,1.1,0.7,64.4,18.8,77.4,4.6,250051,440945,2203.12,14.66,70059,605751181.52
Siliguri,Food Services,City,3200241.5,West Bengal,85.91,513264,143.6,260,85.91,513264,143.6,260,1974.092308,7.1,122698,144906,217589,26834,1.1,0.7,64.4,18.8,77.4,4.6,250051,440945,2203.12,14.66,70059,605751181.52
Siliguri,Shoes,City,6291964.43,West Bengal,85.91,513264,143.6,260,85.91,513264,143.6,260,1974.092308,7.1,122698,144906,217589,26834,1.1,0.7,64.4,18.8,77.4,4.6,250051,440945,2203.12,14.66,70059,605751181.52
Siliguri,Home Essentials,City,3697610.42,West Bengal,85.91,513264,143.6,260,85.91,513264,143.6,260,1974.092308,7.1,122698,144906,217589,26834,1.1,0.7,64.4,18.8,77.4,4.6,250051,440945,2203.12,14.66,70059,605751181.52
Siliguri,Home Fashion,City,21973934.69,West Bengal,85.91,513264,143.6,260,85.91,513264,143.6,260,1974.092308,7.1,122698,144906,217589,26834,1.1,0.7,64.4,18.8,77.4,4.6,250051,440945,2203.12,14.66,70059,605751181.52
Siliguri,Healthcare,City,70152592.81,West Bengal,85.91,513264,143.6,260,85.91,513264,143.6,260,1974.092308,7.1,122698,144906,217589,26834,1.1,0.7,64.4,18.8,77.4,4.6,250051,440945,2203.12,14.66,70059,605751181.52
Siliguri,Trolley Bags,City,12405945.87,West Bengal,85.91,513264,143.6,260,85.91,513264,143.6,260,1974.092308,7.1,122698,144906,217589,26834,1.1,0.7,64.4,18.8,77.4,4.6,250051,440945,2203.12,14.66,70059,605751181.52
Siliguri,Plastics,City,19503745.67,West Bengal,85.91,513264,143.6,260,85.91,513264,143.6,260,1974.092308,7.1,122698,144906,217589,26834,1.1,0.7,64.4,18.8,77.4,4.6,250051,440945,2203.12,14.66,70059,605751181.52
Siliguri,Processed Food,City,65897928.21,West Bengal,85.91,513264,143.6,260,85.91,513264,143.6,260,1974.092308,7.1,122698,144906,217589,26834,1.1,0.7,64.4,18.8,77.4,4.6,250051,440945,2203.12,14.66,70059,605751181.52
Siliguri,Sports,City,2145427.49,West Bengal,85.91,513264,143.6,260,85.91,513264,143.6,260,1974.092308,7.1,122698,144906,217589,26834,1.1,0.7,64.4,18.8,77.4,4.6,250051,440945,2203.12,14.66,70059,605751181.52
Siliguri,Staples,City,43783373.25,West Bengal,85.91,513264,143.6,260,85.91,513264,143.6,260,1974.092308,7.1,122698,144906,217589,26834,1.1,0.7,64.4,18.8,77.4,4.6,250051,440945,2203.12,14.66,70059,605751181.52
Siliguri,Stationery,City,32605517.82,West Bengal,85.91,513264,143.6,260,85.91,513264,143.6,260,1974.092308,7.1,122698,144906,217589,26834,1.1,0.7,64.4,18.8,77.4,4.6,250051,440945,2203.12,14.66,70059,605751181.52
Siliguri,Toys,City,10736591.23,West Bengal,85.91,513264,143.6,260,85.91,513264,143.6,260,1974.092308,7.1,122698,144906,217589,26834,1.1,0.7,64.4,18.8,77.4,4.6,250051,440945,2203.12,14.66,70059,605751181.52
Siliguri,Utensils,City,11181601.22,West Bengal,85.91,513264,143.6,260,85.91,513264,143.6,260,1974.092308,7.1,122698,144906,217589,26834,1.1,0.7,64.4,18.8,77.4,4.6,250051,440945,2203.12,14.66,70059,605751181.52
