"","City","SKU_Cookware","SKU_Crockery","SKU_Electronics","SKU_Farm Fresh","SKU_Fashion","SKU_Food Services","SKU_Healthcare","SKU_Home Essentials","SKU_Home Fashion","SKU_Plastics","SKU_Processed Food","SKU_Shoes","SKU_Sports","SKU_Staples","SKU_Stationery","SKU_Toys","SKU_Trolley Bags","SKU_Utensils","SKU_Wellness","Sale","City.Type","LiteracyRate","Population","AvgCPI","Area.km2."
"1","Asansol",0,0,0,0,0,0,0,0,0,0,0,0,0,0,0,0,0,0,1,2795247.57021277,"Town",83.3,563917,143.6,49
"2","Asansol",1,0,0,0,0,0,0,0,0,0,0,0,0,0,0,0,0,0,0,2487419.35744681,"Town",83.3,563917,143.6,49
"3","Asansol",0,1,0,0,0,0,0,0,0,0,0,0,0,0,0,0,0,0,0,2800423.50212766,"Town",83.3,563917,143.6,49
"4","Asansol",0,0,1,0,0,0,0,0,0,0,0,0,0,0,0,0,0,0,0,5259208.10212766,"Town",83.3,563917,143.6,49
"5","Asansol",0,0,0,1,0,0,0,0,0,0,0,0,0,0,0,0,0,0,0,2749654.63404255,"Town",83.3,563917,143.6,49
"6","Asansol",0,0,0,0,1,0,0,0,0,0,0,0,0,0,0,0,0,0,0,37155072.9276596,"Town",83.3,563917,143.6,49
"7","Asansol",0,0,0,0,0,1,0,0,0,0,0,0,0,0,0,0,0,0,0,181471.114893617,"Town",83.3,563917,143.6,49
"8","Asansol",0,0,0,0,0,0,0,0,0,0,0,1,0,0,0,0,0,0,0,29649.7489361702,"Town",83.3,563917,143.6,49
"9","Asansol",0,0,0,0,0,0,0,1,0,0,0,0,0,0,0,0,0,0,0,14808,"Town",83.3,563917,143.6,49
"10","Asansol",0,0,0,0,0,0,0,0,1,0,0,0,0,0,0,0,0,0,0,4286111.21702128,"Town",83.3,563917,143.6,49
"11","Asansol",0,0,0,0,0,0,1,0,0,0,0,0,0,0,0,0,0,0,0,29394050.1021277,"Town",83.3,563917,143.6,49
"12","Asansol",0,0,0,0,0,0,0,0,0,0,0,0,0,0,0,0,1,0,0,4495174.47659575,"Town",83.3,563917,143.6,49
"13","Asansol",0,0,0,0,0,0,0,0,0,1,0,0,0,0,0,0,0,0,0,5192360.4,"Town",83.3,563917,143.6,49
"14","Asansol",0,0,0,0,0,0,0,0,0,0,1,0,0,0,0,0,0,0,0,28621607.8042553,"Town",83.3,563917,143.6,49
"15","Asansol",0,0,0,0,0,0,0,0,0,0,0,0,1,0,0,0,0,0,0,383632.365957447,"Town",83.3,563917,143.6,49
"16","Asansol",0,0,0,0,0,0,0,0,0,0,0,0,0,1,0,0,0,0,0,26036011.8340426,"Town",83.3,563917,143.6,49
"17","Asansol",0,0,0,0,0,0,0,0,0,0,0,0,0,0,1,0,0,0,0,9768392.25106383,"Town",83.3,563917,143.6,49
"18","Asansol",0,0,0,0,0,0,0,0,0,0,0,0,0,0,0,1,0,0,0,2189530.43404255,"Town",83.3,563917,143.6,49
"19","Asansol",0,0,0,0,0,0,0,0,0,0,0,0,0,0,0,0,0,1,0,4791059.79148936,"Town",83.3,563917,143.6,49
"20","Bhagalpur",0,1,0,0,0,0,0,0,0,0,0,0,0,0,0,0,0,0,0,1234,"Town",79.26,400146,144,342
"21","Bhagalpur",0,0,1,0,0,0,0,0,0,0,0,0,0,0,0,0,0,0,0,1234,"Town",79.26,400146,144,342
"22","Bhagalpur",0,0,0,0,1,0,0,0,0,0,0,0,0,0,0,0,0,0,0,32400422.6638298,"Town",79.26,400146,144,342
"23","Bhagalpur",0,0,0,0,0,0,0,0,0,0,0,1,0,0,0,0,0,0,0,593050.136170213,"Town",79.26,400146,144,342
"24","Bhagalpur",0,0,0,0,0,0,0,1,0,0,0,0,0,0,0,0,0,0,0,11124.7234042553,"Town",79.26,400146,144,342
"25","Bhagalpur",0,0,0,0,0,0,0,0,1,0,0,0,0,0,0,0,0,0,0,2313605.18723404,"Town",79.26,400146,144,342
"26","Bhagalpur",0,0,0,0,0,0,0,0,0,0,0,0,0,0,0,0,1,0,0,26477.3617021277,"Town",79.26,400146,144,342
"27","Bhagalpur",0,0,0,0,0,0,0,0,0,1,0,0,0,0,0,0,0,0,0,2468,"Town",79.26,400146,144,342
"28","Bhagalpur",0,0,0,0,0,0,0,0,0,0,1,0,0,0,0,0,0,0,0,2472.34042553191,"Town",79.26,400146,144,342
"29","Bhagalpur",0,0,0,0,0,0,0,0,0,0,0,0,0,0,1,0,0,0,0,183050.506382979,"Town",79.26,400146,144,342
"30","Bhagalpur",0,0,0,0,0,0,0,0,0,0,0,0,0,0,0,1,0,0,0,8638,"Town",79.26,400146,144,342
"31","Bhagalpur",0,0,0,0,0,0,0,0,0,0,0,0,0,0,0,0,0,1,0,3702,"Town",79.26,400146,144,342
"32","Bhubaneshwar",0,0,0,0,0,0,0,0,0,0,0,0,0,0,0,0,0,0,1,3510542.27659574,"City",91.87,843402,144.5,135
"33","Bhubaneshwar",1,0,0,0,0,0,0,0,0,0,0,0,0,0,0,0,0,0,0,6911649.73191489,"City",91.87,843402,144.5,135
"34","Bhubaneshwar",0,1,0,0,0,0,0,0,0,0,0,0,0,0,0,0,0,0,0,10964260.5148936,"City",91.87,843402,144.5,135
"35","Bhubaneshwar",0,0,1,0,0,0,0,0,0,0,0,0,0,0,0,0,0,0,0,7074638.99574468,"City",91.87,843402,144.5,135
"36","Bhubaneshwar",0,0,0,1,0,0,0,0,0,0,0,0,0,0,0,0,0,0,0,1123880.3787234,"City",91.87,843402,144.5,135
"37","Bhubaneshwar",0,0,0,0,1,0,0,0,0,0,0,0,0,0,0,0,0,0,0,199716680.595745,"City",91.87,843402,144.5,135
"38","Bhubaneshwar",0,0,0,0,0,1,0,0,0,0,0,0,0,0,0,0,0,0,0,2635829.28510638,"City",91.87,843402,144.5,135
"39","Bhubaneshwar",0,0,0,0,0,0,0,0,0,0,0,1,0,0,0,0,0,0,0,7740744.75744681,"City",91.87,843402,144.5,135
"40","Bhubaneshwar",0,0,0,0,0,0,0,1,0,0,0,0,0,0,0,0,0,0,0,5655842.72340426,"City",91.87,843402,144.5,135
"41","Bhubaneshwar",0,0,0,0,0,0,0,0,1,0,0,0,0,0,0,0,0,0,0,23160038.3191489,"City",91.87,843402,144.5,135
"42","Bhubaneshwar",0,0,0,0,0,0,1,0,0,0,0,0,0,0,0,0,0,0,0,96217517.319149,"City",91.87,843402,144.5,135
"43","Bhubaneshwar",0,0,0,0,0,0,0,0,0,0,0,0,0,0,0,0,1,0,0,20021579.0340426,"City",91.87,843402,144.5,135
"44","Bhubaneshwar",0,0,0,0,0,0,0,0,0,1,0,0,0,0,0,0,0,0,0,21648148.8978723,"City",91.87,843402,144.5,135
"45","Bhubaneshwar",0,0,0,0,0,0,0,0,0,0,1,0,0,0,0,0,0,0,0,85817238.8170213,"City",91.87,843402,144.5,135
"46","Bhubaneshwar",0,0,0,0,0,0,0,0,0,0,0,0,1,0,0,0,0,0,0,1411944.28085106,"City",91.87,843402,144.5,135
"47","Bhubaneshwar",0,0,0,0,0,0,0,0,0,0,0,0,0,1,0,0,0,0,0,65223728.4808511,"City",91.87,843402,144.5,135
"48","Bhubaneshwar",0,0,0,0,0,0,0,0,0,0,0,0,0,0,1,0,0,0,0,24066656.7106383,"City",91.87,843402,144.5,135
"49","Bhubaneshwar",0,0,0,0,0,0,0,0,0,0,0,0,0,0,0,1,0,0,0,8129330.16595744,"City",91.87,843402,144.5,135
"50","Bhubaneshwar",0,0,0,0,0,0,0,0,0,0,0,0,0,0,0,0,0,1,0,14640275.5106383,"City",91.87,843402,144.5,135
"51","Bilaspur",0,0,0,0,0,0,0,0,0,0,0,0,0,0,0,0,0,0,1,388633.017021277,"Town",88.13,331030,141.6,345.8
"52","Bilaspur",1,0,0,0,0,0,0,0,0,0,0,0,0,0,0,0,0,0,0,1281239.95744681,"Town",88.13,331030,141.6,345.8
"53","Bilaspur",0,1,0,0,0,0,0,0,0,0,0,0,0,0,0,0,0,0,0,1500587.62978723,"Town",88.13,331030,141.6,345.8
"54","Bilaspur",0,0,1,0,0,0,0,0,0,0,0,0,0,0,0,0,0,0,0,4173297.76595745,"Town",88.13,331030,141.6,345.8
"55","Bilaspur",0,0,0,1,0,0,0,0,0,0,0,0,0,0,0,0,0,0,0,247961.689361702,"Town",88.13,331030,141.6,345.8
"56","Bilaspur",0,0,0,0,1,0,0,0,0,0,0,0,0,0,0,0,0,0,0,30317269.6382979,"Town",88.13,331030,141.6,345.8
"57","Bilaspur",0,0,0,0,0,1,0,0,0,0,0,0,0,0,0,0,0,0,0,233372.012765957,"Town",88.13,331030,141.6,345.8
"58","Bilaspur",0,0,0,0,0,0,0,0,0,0,0,1,0,0,0,0,0,0,0,1063127.61276596,"Town",88.13,331030,141.6,345.8
"59","Bilaspur",0,0,0,0,0,0,0,1,0,0,0,0,0,0,0,0,0,0,0,1505429.05957447,"Town",88.13,331030,141.6,345.8
"60","Bilaspur",0,0,0,0,0,0,0,0,1,0,0,0,0,0,0,0,0,0,0,3176552.02553192,"Town",88.13,331030,141.6,345.8
"61","Bilaspur",0,0,0,0,0,0,1,0,0,0,0,0,0,0,0,0,0,0,0,17543805.7191489,"Town",88.13,331030,141.6,345.8
"62","Bilaspur",0,0,0,0,0,0,0,0,0,0,0,0,0,0,0,0,1,0,0,2380004.62978723,"Town",88.13,331030,141.6,345.8
"63","Bilaspur",0,0,0,0,0,0,0,0,0,1,0,0,0,0,0,0,0,0,0,3724322.27234043,"Town",88.13,331030,141.6,345.8
"64","Bilaspur",0,0,0,0,0,0,0,0,0,0,1,0,0,0,0,0,0,0,0,14026340.0212766,"Town",88.13,331030,141.6,345.8
"65","Bilaspur",0,0,0,0,0,0,0,0,0,0,0,0,1,0,0,0,0,0,0,325211.242553191,"Town",88.13,331030,141.6,345.8
"66","Bilaspur",0,0,0,0,0,0,0,0,0,0,0,0,0,1,0,0,0,0,0,13886973.5617021,"Town",88.13,331030,141.6,345.8
"67","Bilaspur",0,0,0,0,0,0,0,0,0,0,0,0,0,0,1,0,0,0,0,2124750.91914894,"Town",88.13,331030,141.6,345.8
"68","Bilaspur",0,0,0,0,0,0,0,0,0,0,0,0,0,0,0,1,0,0,0,1417239.29361702,"Town",88.13,331030,141.6,345.8
"69","Bilaspur",0,0,0,0,0,0,0,0,0,0,0,0,0,0,0,0,0,1,0,2398757.99574468,"Town",88.13,331030,141.6,345.8
"70","Burdwan",0,0,0,0,0,0,0,0,0,0,0,0,0,0,0,0,0,0,1,2276430.09787234,"Town",88.31,314265,143.6,59
"71","Burdwan",1,0,0,0,0,0,0,0,0,0,0,0,0,0,0,0,0,0,0,2372522.01276596,"Town",88.31,314265,143.6,59
"72","Burdwan",0,1,0,0,0,0,0,0,0,0,0,0,0,0,0,0,0,0,0,2916523.54468085,"Town",88.31,314265,143.6,59
"73","Burdwan",0,0,1,0,0,0,0,0,0,0,0,0,0,0,0,0,0,0,0,5574540.3106383,"Town",88.31,314265,143.6,59
"74","Burdwan",0,0,0,1,0,0,0,0,0,0,0,0,0,0,0,0,0,0,0,2117807.78723404,"Town",88.31,314265,143.6,59
"75","Burdwan",0,0,0,0,1,0,0,0,0,0,0,0,0,0,0,0,0,0,0,33393354.1361702,"Town",88.31,314265,143.6,59
"76","Burdwan",0,0,0,0,0,1,0,0,0,0,0,0,0,0,0,0,0,0,0,22400.3957446809,"Town",88.31,314265,143.6,59
"77","Burdwan",0,0,0,0,0,0,0,0,0,0,0,1,0,0,0,0,0,0,0,175727.455319149,"Town",88.31,314265,143.6,59
"78","Burdwan",0,0,0,0,0,0,0,1,0,0,0,0,0,0,0,0,0,0,0,7437.6170212766,"Town",88.31,314265,143.6,59
"79","Burdwan",0,0,0,0,0,0,0,0,1,0,0,0,0,0,0,0,0,0,0,3276933.97021276,"Town",88.31,314265,143.6,59
"80","Burdwan",0,0,0,0,0,0,1,0,0,0,0,0,0,0,0,0,0,0,0,20441850.1744681,"Town",88.31,314265,143.6,59
"81","Burdwan",0,0,0,0,0,0,0,0,0,0,0,0,0,0,0,0,1,0,0,3556570.73617021,"Town",88.31,314265,143.6,59
"82","Burdwan",0,0,0,0,0,0,0,0,0,1,0,0,0,0,0,0,0,0,0,3995496.7787234,"Town",88.31,314265,143.6,59
"83","Burdwan",0,0,0,0,0,0,0,0,0,0,1,0,0,0,0,0,0,0,0,19588367.9148936,"Town",88.31,314265,143.6,59
"84","Burdwan",0,0,0,0,0,0,0,0,0,0,0,0,1,0,0,0,0,0,0,302110.306382979,"Town",88.31,314265,143.6,59
"85","Burdwan",0,0,0,0,0,0,0,0,0,0,0,0,0,1,0,0,0,0,0,14166456.2893617,"Town",88.31,314265,143.6,59
"86","Burdwan",0,0,0,0,0,0,0,0,0,0,0,0,0,0,1,0,0,0,0,19706998.5319149,"Town",88.31,314265,143.6,59
"87","Burdwan",0,0,0,0,0,0,0,0,0,0,0,0,0,0,0,1,0,0,0,2066979.33617021,"Town",88.31,314265,143.6,59
"88","Burdwan",0,0,0,0,0,0,0,0,0,0,0,0,0,0,0,0,0,1,0,3797518.54042553,"Town",88.31,314265,143.6,59
"89","Cuttack",0,0,0,0,0,0,0,0,0,0,0,0,0,0,0,0,0,0,1,480547.70212766,"Town",91,610189,144.5,398
"90","Cuttack",1,0,0,0,0,0,0,0,0,0,0,0,0,0,0,0,0,0,0,2034576.32340426,"Town",91,610189,144.5,398
"91","Cuttack",0,1,0,0,0,0,0,0,0,0,0,0,0,0,0,0,0,0,0,2798322.64255319,"Town",91,610189,144.5,398
"92","Cuttack",0,0,1,0,0,0,0,0,0,0,0,0,0,0,0,0,0,0,0,5517266.10638298,"Town",91,610189,144.5,398
"93","Cuttack",0,0,0,1,0,0,0,0,0,0,0,0,0,0,0,0,0,0,0,303929.161702128,"Town",91,610189,144.5,398
"94","Cuttack",0,0,0,0,1,0,0,0,0,0,0,0,0,0,0,0,0,0,0,36881707.6425532,"Town",91,610189,144.5,398
"95","Cuttack",0,0,0,0,0,1,0,0,0,0,0,0,0,0,0,0,0,0,0,810208.719148936,"Town",91,610189,144.5,398
"96","Cuttack",0,0,0,0,0,0,0,0,0,0,0,1,0,0,0,0,0,0,0,1197917.49787234,"Town",91,610189,144.5,398
"97","Cuttack",0,0,0,0,0,0,0,1,0,0,0,0,0,0,0,0,0,0,0,1526326.02553192,"Town",91,610189,144.5,398
"98","Cuttack",0,0,0,0,0,0,0,0,1,0,0,0,0,0,0,0,0,0,0,5304414.33617021,"Town",91,610189,144.5,398
"99","Cuttack",0,0,0,0,0,0,1,0,0,0,0,0,0,0,0,0,0,0,0,26176664.5106383,"Town",91,610189,144.5,398
"100","Cuttack",0,0,0,0,0,0,0,0,0,0,0,0,0,0,0,0,1,0,0,4784038.32340425,"Town",91,610189,144.5,398
"101","Cuttack",0,0,0,0,0,0,0,0,0,1,0,0,0,0,0,0,0,0,0,5227638.55744681,"Town",91,610189,144.5,398
"102","Cuttack",0,0,0,0,0,0,0,0,0,0,1,0,0,0,0,0,0,0,0,23752021.706383,"Town",91,610189,144.5,398
"103","Cuttack",0,0,0,0,0,0,0,0,0,0,0,0,1,0,0,0,0,0,0,387858.008510638,"Town",91,610189,144.5,398
"104","Cuttack",0,0,0,0,0,0,0,0,0,0,0,0,0,1,0,0,0,0,0,19244155.1021277,"Town",91,610189,144.5,398
"105","Cuttack",0,0,0,0,0,0,0,0,0,0,0,0,0,0,1,0,0,0,0,1981541.03829787,"Town",91,610189,144.5,398
"106","Cuttack",0,0,0,0,0,0,0,0,0,0,0,0,0,0,0,1,0,0,0,2281462.20851064,"Town",91,610189,144.5,398
"107","Cuttack",0,0,0,0,0,0,0,0,0,0,0,0,0,0,0,0,0,1,0,4086802.75319149,"Town",91,610189,144.5,398
"108","Darjeeling",0,0,0,0,0,0,0,0,0,0,0,0,0,0,0,0,0,0,1,153868.591489362,"Town",93.85,118805,143.6,10.57
"109","Darjeeling",1,0,0,0,0,0,0,0,0,0,0,0,0,0,0,0,0,0,0,1001375.89361702,"Town",93.85,118805,143.6,10.57
"110","Darjeeling",0,1,0,0,0,0,0,0,0,0,0,0,0,0,0,0,0,0,0,1542496.23829787,"Town",93.85,118805,143.6,10.57
"111","Darjeeling",0,0,1,0,0,0,0,0,0,0,0,0,0,0,0,0,0,0,0,2216824.35319149,"Town",93.85,118805,143.6,10.57
"112","Darjeeling",0,0,0,0,1,0,0,0,0,0,0,0,0,0,0,0,0,0,0,17896912.093617,"Town",93.85,118805,143.6,10.57
"113","Darjeeling",0,0,0,0,0,1,0,0,0,0,0,0,0,0,0,0,0,0,0,207511.063829787,"Town",93.85,118805,143.6,10.57
"114","Darjeeling",0,0,0,0,0,0,0,0,0,0,0,1,0,0,0,0,0,0,0,235734.868085106,"Town",93.85,118805,143.6,10.57
"115","Darjeeling",0,0,0,0,0,0,0,1,0,0,0,0,0,0,0,0,0,0,0,8132.55319148936,"Town",93.85,118805,143.6,10.57
"116","Darjeeling",0,0,0,0,0,0,0,0,1,0,0,0,0,0,0,0,0,0,0,2170208.8,"Town",93.85,118805,143.6,10.57
"117","Darjeeling",0,0,0,0,0,0,1,0,0,0,0,0,0,0,0,0,0,0,0,9080292.34042553,"Town",93.85,118805,143.6,10.57
"118","Darjeeling",0,0,0,0,0,0,0,0,0,0,0,0,0,0,0,0,1,0,0,1527941.80425532,"Town",93.85,118805,143.6,10.57
"119","Darjeeling",0,0,0,0,0,0,0,0,0,1,0,0,0,0,0,0,0,0,0,3494301.64255319,"Town",93.85,118805,143.6,10.57
"120","Darjeeling",0,0,0,0,0,0,0,0,0,0,1,0,0,0,0,0,0,0,0,8563359.72340426,"Town",93.85,118805,143.6,10.57
"121","Darjeeling",0,0,0,0,0,0,0,0,0,0,0,0,1,0,0,0,0,0,0,347130.536170213,"Town",93.85,118805,143.6,10.57
"122","Darjeeling",0,0,0,0,0,0,0,0,0,0,0,0,0,1,0,0,0,0,0,9563348.48510638,"Town",93.85,118805,143.6,10.57
"123","Darjeeling",0,0,0,0,0,0,0,0,0,0,0,0,0,0,1,0,0,0,0,1722592.38723404,"Town",93.85,118805,143.6,10.57
"124","Darjeeling",0,0,0,0,0,0,0,0,0,0,0,0,0,0,0,1,0,0,0,2050861.14468085,"Town",93.85,118805,143.6,10.57
"125","Darjeeling",0,0,0,0,0,0,0,0,0,0,0,0,0,0,0,0,0,1,0,2108162.01276596,"Town",93.85,118805,143.6,10.57
"126","Deoghar",0,0,0,0,0,0,0,0,0,0,0,0,0,0,0,0,0,0,1,179855.25106383,"Town",85.68,203123,142.2,337
"127","Deoghar",1,0,0,0,0,0,0,0,0,0,0,0,0,0,0,0,0,0,0,1811486.73617021,"Town",85.68,203123,142.2,337
"128","Deoghar",0,1,0,0,0,0,0,0,0,0,0,0,0,0,0,0,0,0,0,1702889.46808511,"Town",85.68,203123,142.2,337
"129","Deoghar",0,0,1,0,0,0,0,0,0,0,0,0,0,0,0,0,0,0,0,3685102.0893617,"Town",85.68,203123,142.2,337
"130","Deoghar",0,0,0,1,0,0,0,0,0,0,0,0,0,0,0,0,0,0,0,333188.178723404,"Town",85.68,203123,142.2,337
"131","Deoghar",0,0,0,0,1,0,0,0,0,0,0,0,0,0,0,0,0,0,0,24417492.3106383,"Town",85.68,203123,142.2,337
"132","Deoghar",0,0,0,0,0,1,0,0,0,0,0,0,0,0,0,0,0,0,0,15532.3021276596,"Town",85.68,203123,142.2,337
"133","Deoghar",0,0,0,0,0,0,0,0,0,0,0,1,0,0,0,0,0,0,0,883200.068085107,"Town",85.68,203123,142.2,337
"134","Deoghar",0,0,0,0,0,0,0,1,0,0,0,0,0,0,0,0,0,0,0,193751.995744681,"Town",85.68,203123,142.2,337
"135","Deoghar",0,0,0,0,0,0,0,0,1,0,0,0,0,0,0,0,0,0,0,3342223.93191489,"Town",85.68,203123,142.2,337
"136","Deoghar",0,0,0,0,0,0,1,0,0,0,0,0,0,0,0,0,0,0,0,19294323.4085106,"Town",85.68,203123,142.2,337
"137","Deoghar",0,0,0,0,0,0,0,0,0,0,0,0,0,0,0,0,1,0,0,3165223.45957447,"Town",85.68,203123,142.2,337
"138","Deoghar",0,0,0,0,0,0,0,0,0,1,0,0,0,0,0,0,0,0,0,3762673.70638298,"Town",85.68,203123,142.2,337
"139","Deoghar",0,0,0,0,0,0,0,0,0,0,1,0,0,0,0,0,0,0,0,17298241.2340426,"Town",85.68,203123,142.2,337
"140","Deoghar",0,0,0,0,0,0,0,0,0,0,0,0,1,0,0,0,0,0,0,278088.94893617,"Town",85.68,203123,142.2,337
"141","Deoghar",0,0,0,0,0,0,0,0,0,0,0,0,0,1,0,0,0,0,0,14620962.3702128,"Town",85.68,203123,142.2,337
"142","Deoghar",0,0,0,0,0,0,0,0,0,0,0,0,0,0,1,0,0,0,0,2668953.38297872,"Town",85.68,203123,142.2,337
"143","Deoghar",0,0,0,0,0,0,0,0,0,0,0,0,0,0,0,1,0,0,0,1546082.53617021,"Town",85.68,203123,142.2,337
"144","Deoghar",0,0,0,0,0,0,0,0,0,0,0,0,0,0,0,0,0,1,0,2885614.41702128,"Town",85.68,203123,142.2,337
"145","Dhanbad",0,0,0,0,0,0,0,0,0,0,0,0,0,0,0,0,0,0,1,331290.072340426,"Town",79.47,1162472,142.2,2052
"146","Dhanbad",1,0,0,0,0,0,0,0,0,0,0,0,0,0,0,0,0,0,0,2483055.58723404,"Town",79.47,1162472,142.2,2052
"147","Dhanbad",0,1,0,0,0,0,0,0,0,0,0,0,0,0,0,0,0,0,0,3197925.11914894,"Town",79.47,1162472,142.2,2052
"148","Dhanbad",0,0,1,0,0,0,0,0,0,0,0,0,0,0,0,0,0,0,0,8648718.74042553,"Town",79.47,1162472,142.2,2052
"149","Dhanbad",0,0,0,1,0,0,0,0,0,0,0,0,0,0,0,0,0,0,0,102878.978723404,"Town",79.47,1162472,142.2,2052
"150","Dhanbad",0,0,0,0,1,0,0,0,0,0,0,0,0,0,0,0,0,0,0,34640695.0510638,"Town",79.47,1162472,142.2,2052
"151","Dhanbad",0,0,0,0,0,1,0,0,0,0,0,0,0,0,0,0,0,0,0,1373608.2893617,"Town",79.47,1162472,142.2,2052
"152","Dhanbad",0,0,0,0,0,0,0,0,0,0,0,1,0,0,0,0,0,0,0,207609.225531915,"Town",79.47,1162472,142.2,2052
"153","Dhanbad",0,0,0,0,0,0,0,1,0,0,0,0,0,0,0,0,0,0,0,32518.5319148936,"Town",79.47,1162472,142.2,2052
"154","Dhanbad",0,0,0,0,0,0,0,0,1,0,0,0,0,0,0,0,0,0,0,6152379.99148936,"Town",79.47,1162472,142.2,2052
"155","Dhanbad",0,0,0,0,0,0,1,0,0,0,0,0,0,0,0,0,0,0,0,24678017.6468085,"Town",79.47,1162472,142.2,2052
"156","Dhanbad",0,0,0,0,0,0,0,0,0,0,0,0,0,0,0,0,1,0,0,6245068.72340426,"Town",79.47,1162472,142.2,2052
"157","Dhanbad",0,0,0,0,0,0,0,0,0,1,0,0,0,0,0,0,0,0,0,5210714.43829787,"Town",79.47,1162472,142.2,2052
"158","Dhanbad",0,0,0,0,0,0,0,0,0,0,1,0,0,0,0,0,0,0,0,23604789.5148936,"Town",79.47,1162472,142.2,2052
"159","Dhanbad",0,0,0,0,0,0,0,0,0,0,0,0,1,0,0,0,0,0,0,573305.30212766,"Town",79.47,1162472,142.2,2052
"160","Dhanbad",0,0,0,0,0,0,0,0,0,0,0,0,0,1,0,0,0,0,0,17606666.3744681,"Town",79.47,1162472,142.2,2052
"161","Dhanbad",0,0,0,0,0,0,0,0,0,0,0,0,0,0,1,0,0,0,0,2886914.08510638,"Town",79.47,1162472,142.2,2052
"162","Dhanbad",0,0,0,0,0,0,0,0,0,0,0,0,0,0,0,1,0,0,0,2523043.61702128,"Town",79.47,1162472,142.2,2052
"163","Dhanbad",0,0,0,0,0,0,0,0,0,0,0,0,0,0,0,0,0,1,0,3942927.36170213,"Town",79.47,1162472,142.2,2052
"164","Durgapur",0,0,0,0,0,0,0,0,0,0,0,0,0,0,0,0,0,0,1,3115627.47234043,"City",86.02,566517,143.6,154
"165","Durgapur",1,0,0,0,0,0,0,0,0,0,0,0,0,0,0,0,0,0,0,2768200.43404255,"City",86.02,566517,143.6,154
"166","Durgapur",0,1,0,0,0,0,0,0,0,0,0,0,0,0,0,0,0,0,0,3946609.08510638,"City",86.02,566517,143.6,154
"167","Durgapur",0,0,1,0,0,0,0,0,0,0,0,0,0,0,0,0,0,0,0,10117506.2893617,"City",86.02,566517,143.6,154
"168","Durgapur",0,0,0,1,0,0,0,0,0,0,0,0,0,0,0,0,0,0,0,3740236.85106383,"City",86.02,566517,143.6,154
"169","Durgapur",0,0,0,0,1,0,0,0,0,0,0,0,0,0,0,0,0,0,0,64111074.6425532,"City",86.02,566517,143.6,154
"170","Durgapur",0,0,0,0,0,1,0,0,0,0,0,0,0,0,0,0,0,0,0,866470.893617021,"City",86.02,566517,143.6,154
"171","Durgapur",0,0,0,0,0,0,0,0,0,0,0,1,0,0,0,0,0,0,0,1624682.80425532,"City",86.02,566517,143.6,154
"172","Durgapur",0,0,0,0,0,0,0,1,0,0,0,0,0,0,0,0,0,0,0,1808442.35744681,"City",86.02,566517,143.6,154
"173","Durgapur",0,0,0,0,0,0,0,0,1,0,0,0,0,0,0,0,0,0,0,6847381.6893617,"City",86.02,566517,143.6,154
"174","Durgapur",0,0,0,0,0,0,1,0,0,0,0,0,0,0,0,0,0,0,0,38556173.6765957,"City",86.02,566517,143.6,154
"175","Durgapur",0,0,0,0,0,0,0,0,0,0,0,0,0,0,0,0,1,0,0,6249985.55744681,"City",86.02,566517,143.6,154
"176","Durgapur",0,0,0,0,0,0,0,0,0,1,0,0,0,0,0,0,0,0,0,6623535.66808511,"City",86.02,566517,143.6,154
"177","Durgapur",0,0,0,0,0,0,0,0,0,0,1,0,0,0,0,0,0,0,0,33842807.2978723,"City",86.02,566517,143.6,154
"178","Durgapur",0,0,0,0,0,0,0,0,0,0,0,0,1,0,0,0,0,0,0,719003.863829787,"City",86.02,566517,143.6,154
"179","Durgapur",0,0,0,0,0,0,0,0,0,0,0,0,0,1,0,0,0,0,0,31169506.2170213,"City",86.02,566517,143.6,154
"180","Durgapur",0,0,0,0,0,0,0,0,0,0,0,0,0,0,1,0,0,0,0,16526110.5914894,"City",86.02,566517,143.6,154
"181","Durgapur",0,0,0,0,0,0,0,0,0,0,0,0,0,0,0,1,0,0,0,2886990.18297872,"City",86.02,566517,143.6,154
"182","Durgapur",0,0,0,0,0,0,0,0,0,0,0,0,0,0,0,0,0,1,0,5712874.40851064,"City",86.02,566517,143.6,154
"183","Gangtok",0,0,0,0,0,0,0,0,0,0,0,0,0,0,0,0,0,0,1,38671.0255319149,"City",89.33,100286,141.2,35
"184","Gangtok",1,0,0,0,0,0,0,0,0,0,0,0,0,0,0,0,0,0,0,1496875.09361702,"City",89.33,100286,141.2,35
"185","Gangtok",0,1,0,0,0,0,0,0,0,0,0,0,0,0,0,0,0,0,0,1654521.39148936,"City",89.33,100286,141.2,35
"186","Gangtok",0,0,1,0,0,0,0,0,0,0,0,0,0,0,0,0,0,0,0,3351476.32765957,"City",89.33,100286,141.2,35
"187","Gangtok",0,0,0,1,0,0,0,0,0,0,0,0,0,0,0,0,0,0,0,176237.34893617,"City",89.33,100286,141.2,35
"188","Gangtok",0,0,0,0,1,0,0,0,0,0,0,0,0,0,0,0,0,0,0,26225308.0085106,"City",89.33,100286,141.2,35
"189","Gangtok",0,0,0,0,0,1,0,0,0,0,0,0,0,0,0,0,0,0,0,414048.012765957,"City",89.33,100286,141.2,35
"190","Gangtok",0,0,0,0,0,0,0,0,0,0,0,1,0,0,0,0,0,0,0,1047641.28510638,"City",89.33,100286,141.2,35
"191","Gangtok",0,0,0,0,0,0,0,1,0,0,0,0,0,0,0,0,0,0,0,14730.1276595745,"City",89.33,100286,141.2,35
"192","Gangtok",0,0,0,0,0,0,0,0,1,0,0,0,0,0,0,0,0,0,0,3713951.46382979,"City",89.33,100286,141.2,35
"193","Gangtok",0,0,0,0,0,0,1,0,0,0,0,0,0,0,0,0,0,0,0,11576219.2425532,"City",89.33,100286,141.2,35
"194","Gangtok",0,0,0,0,0,0,0,0,0,0,0,0,0,0,0,0,1,0,0,1726479.42553191,"City",89.33,100286,141.2,35
"195","Gangtok",0,0,0,0,0,0,0,0,0,1,0,0,0,0,0,0,0,0,0,4618887.21702128,"City",89.33,100286,141.2,35
"196","Gangtok",0,0,0,0,0,0,0,0,0,0,1,0,0,0,0,0,0,0,0,12424446.1276596,"City",89.33,100286,141.2,35
"197","Gangtok",0,0,0,0,0,0,0,0,0,0,0,0,1,0,0,0,0,0,0,361768.655319149,"City",89.33,100286,141.2,35
"198","Gangtok",0,0,0,0,0,0,0,0,0,0,0,0,0,1,0,0,0,0,0,14366667.7489362,"City",89.33,100286,141.2,35
"199","Gangtok",0,0,0,0,0,0,0,0,0,0,0,0,0,0,1,0,0,0,0,1690020.13617021,"City",89.33,100286,141.2,35
"200","Gangtok",0,0,0,0,0,0,0,0,0,0,0,0,0,0,0,1,0,0,0,1867244.51914894,"City",89.33,100286,141.2,35
"201","Gangtok",0,0,0,0,0,0,0,0,0,0,0,0,0,0,0,0,0,1,0,2843098.52340425,"City",89.33,100286,141.2,35
"202","Guwahati",0,0,0,0,0,0,0,0,0,0,0,0,0,0,0,0,0,0,1,3304291.48510638,"City",91.47,957352,142.6,215
"203","Guwahati",1,0,0,0,0,0,0,0,0,0,0,0,0,0,0,0,0,0,0,7807870.98723404,"City",91.47,957352,142.6,215
"204","Guwahati",0,1,0,0,0,0,0,0,0,0,0,0,0,0,0,0,0,0,0,13446955.3659574,"City",91.47,957352,142.6,215
"205","Guwahati",0,0,1,0,0,0,0,0,0,0,0,0,0,0,0,0,0,0,0,59370.829787234,"City",91.47,957352,142.6,215
"206","Guwahati",0,0,0,1,0,0,0,0,0,0,0,0,0,0,0,0,0,0,0,3162177.86382979,"City",91.47,957352,142.6,215
"207","Guwahati",0,0,0,0,1,0,0,0,0,0,0,0,0,0,0,0,0,0,0,208940461.502128,"City",91.47,957352,142.6,215
"208","Guwahati",0,0,0,0,0,1,0,0,0,0,0,0,0,0,0,0,0,0,0,7424836.39148936,"City",91.47,957352,142.6,215
"209","Guwahati",0,0,0,0,0,0,0,0,0,0,0,1,0,0,0,0,0,0,0,7367212.74468085,"City",91.47,957352,142.6,215
"210","Guwahati",0,0,0,0,0,0,0,1,0,0,0,0,0,0,0,0,0,0,0,4499185.45957447,"City",91.47,957352,142.6,215
"211","Guwahati",0,0,0,0,0,0,0,0,1,0,0,0,0,0,0,0,0,0,0,20318968.3276596,"City",91.47,957352,142.6,215
"212","Guwahati",0,0,0,0,0,0,1,0,0,0,0,0,0,0,0,0,0,0,0,75925665.5446809,"City",91.47,957352,142.6,215
"213","Guwahati",0,0,0,0,0,0,0,0,0,0,0,0,0,0,0,0,1,0,0,14246331.6893617,"City",91.47,957352,142.6,215
"214","Guwahati",0,0,0,0,0,0,0,0,0,1,0,0,0,0,0,0,0,0,0,23248876.6127659,"City",91.47,957352,142.6,215
"215","Guwahati",0,0,0,0,0,0,0,0,0,0,1,0,0,0,0,0,0,0,0,64643191.106383,"City",91.47,957352,142.6,215
"216","Guwahati",0,0,0,0,0,0,0,0,0,0,0,0,1,0,0,0,0,0,0,1450439.7106383,"City",91.47,957352,142.6,215
"217","Guwahati",0,0,0,0,0,0,0,0,0,0,0,0,0,1,0,0,0,0,0,59868878.8765958,"City",91.47,957352,142.6,215
"218","Guwahati",0,0,0,0,0,0,0,0,0,0,0,0,0,0,1,0,0,0,0,10372216.4425532,"City",91.47,957352,142.6,215
"219","Guwahati",0,0,0,0,0,0,0,0,0,0,0,0,0,0,0,1,0,0,0,8145155.56595745,"City",91.47,957352,142.6,215
"220","Guwahati",0,0,0,0,0,0,0,0,0,0,0,0,0,0,0,0,0,1,0,15813558.9829787,"City",91.47,957352,142.6,215
"221","Jamshedpur",0,0,0,0,0,0,0,0,0,0,0,0,0,0,0,0,0,0,1,725622.587234042,"Town",86.91,631364,142.2,209
"222","Jamshedpur",1,0,0,0,0,0,0,0,0,0,0,0,0,0,0,0,0,0,0,2188493.70212766,"Town",86.91,631364,142.2,209
"223","Jamshedpur",0,1,0,0,0,0,0,0,0,0,0,0,0,0,0,0,0,0,0,2711108.3787234,"Town",86.91,631364,142.2,209
"224","Jamshedpur",0,0,1,0,0,0,0,0,0,0,0,0,0,0,0,0,0,0,0,5338463.45531915,"Town",86.91,631364,142.2,209
"225","Jamshedpur",0,0,0,1,0,0,0,0,0,0,0,0,0,0,0,0,0,0,0,211730.582978723,"Town",86.91,631364,142.2,209
"226","Jamshedpur",0,0,0,0,1,0,0,0,0,0,0,0,0,0,0,0,0,0,0,29375996.6595745,"Town",86.91,631364,142.2,209
"227","Jamshedpur",0,0,0,0,0,1,0,0,0,0,0,0,0,0,0,0,0,0,0,1915957.36595745,"Town",86.91,631364,142.2,209
"228","Jamshedpur",0,0,0,0,0,0,0,0,0,0,0,1,0,0,0,0,0,0,0,1096925.62978723,"Town",86.91,631364,142.2,209
"229","Jamshedpur",0,0,0,0,0,0,0,1,0,0,0,0,0,0,0,0,0,0,0,309615.987234043,"Town",86.91,631364,142.2,209
"230","Jamshedpur",0,0,0,0,0,0,0,0,1,0,0,0,0,0,0,0,0,0,0,5621901.88510638,"Town",86.91,631364,142.2,209
"231","Jamshedpur",0,0,0,0,0,0,1,0,0,0,0,0,0,0,0,0,0,0,0,22717806.9829787,"Town",86.91,631364,142.2,209
"232","Jamshedpur",0,0,0,0,0,0,0,0,0,0,0,0,0,0,0,0,1,0,0,5335605.66382979,"Town",86.91,631364,142.2,209
"233","Jamshedpur",0,0,0,0,0,0,0,0,0,1,0,0,0,0,0,0,0,0,0,4847736.32765958,"Town",86.91,631364,142.2,209
"234","Jamshedpur",0,0,0,0,0,0,0,0,0,0,1,0,0,0,0,0,0,0,0,19273826.2510638,"Town",86.91,631364,142.2,209
"235","Jamshedpur",0,0,0,0,0,0,0,0,0,0,0,0,1,0,0,0,0,0,0,495011.863829787,"Town",86.91,631364,142.2,209
"236","Jamshedpur",0,0,0,0,0,0,0,0,0,0,0,0,0,1,0,0,0,0,0,17547023.0085106,"Town",86.91,631364,142.2,209
"237","Jamshedpur",0,0,0,0,0,0,0,0,0,0,0,0,0,0,1,0,0,0,0,2794643.18723404,"Town",86.91,631364,142.2,209
"238","Jamshedpur",0,0,0,0,0,0,0,0,0,0,0,0,0,0,0,1,0,0,0,1834935.79574468,"Town",86.91,631364,142.2,209
"239","Jamshedpur",0,0,0,0,0,0,0,0,0,0,0,0,0,0,0,0,0,1,0,3423525.66808511,"Town",86.91,631364,142.2,209
"240","Jorhat",0,0,0,0,0,0,0,0,0,0,0,0,0,0,0,0,0,0,1,558708.680851064,"Town",83.42,1091295,142.6,9
"241","Jorhat",1,0,0,0,0,0,0,0,0,0,0,0,0,0,0,0,0,0,0,1797355.61702128,"Town",83.42,1091295,142.6,9
"242","Jorhat",0,1,0,0,0,0,0,0,0,0,0,0,0,0,0,0,0,0,0,2865396.24255319,"Town",83.42,1091295,142.6,9
"243","Jorhat",0,0,1,0,0,0,0,0,0,0,0,0,0,0,0,0,0,0,0,3337847.45957447,"Town",83.42,1091295,142.6,9
"244","Jorhat",0,0,0,1,0,0,0,0,0,0,0,0,0,0,0,0,0,0,0,704030.672340425,"Town",83.42,1091295,142.6,9
"245","Jorhat",0,0,0,0,1,0,0,0,0,0,0,0,0,0,0,0,0,0,0,47338342.4170212,"Town",83.42,1091295,142.6,9
"246","Jorhat",0,0,0,0,0,1,0,0,0,0,0,0,0,0,0,0,0,0,0,62367.6936170213,"Town",83.42,1091295,142.6,9
"247","Jorhat",0,0,0,0,0,0,0,0,0,0,0,1,0,0,0,0,0,0,0,823392.297872341,"Town",83.42,1091295,142.6,9
"248","Jorhat",0,0,0,0,0,0,0,1,0,0,0,0,0,0,0,0,0,0,0,14990.170212766,"Town",83.42,1091295,142.6,9
"249","Jorhat",0,0,0,0,0,0,0,0,1,0,0,0,0,0,0,0,0,0,0,4920629.85531915,"Town",83.42,1091295,142.6,9
"250","Jorhat",0,0,0,0,0,0,1,0,0,0,0,0,0,0,0,0,0,0,0,17875257.8553192,"Town",83.42,1091295,142.6,9
"251","Jorhat",0,0,0,0,0,0,0,0,0,0,0,0,0,0,0,0,1,0,0,3660631.39574468,"Town",83.42,1091295,142.6,9
"252","Jorhat",0,0,0,0,0,0,0,0,0,1,0,0,0,0,0,0,0,0,0,6474161.05106383,"Town",83.42,1091295,142.6,9
"253","Jorhat",0,0,0,0,0,0,0,0,0,0,1,0,0,0,0,0,0,0,0,19103691.987234,"Town",83.42,1091295,142.6,9
"254","Jorhat",0,0,0,0,0,0,0,0,0,0,0,0,1,0,0,0,0,0,0,434661.591489362,"Town",83.42,1091295,142.6,9
"255","Jorhat",0,0,0,0,0,0,0,0,0,0,0,0,0,1,0,0,0,0,0,15115969.4851064,"Town",83.42,1091295,142.6,9
"256","Jorhat",0,0,0,0,0,0,0,0,0,0,0,0,0,0,1,0,0,0,0,1728662.54468085,"Town",83.42,1091295,142.6,9
"257","Jorhat",0,0,0,0,0,0,0,0,0,0,0,0,0,0,0,1,0,0,0,2518931.3787234,"Town",83.42,1091295,142.6,9
"258","Jorhat",0,0,0,0,0,0,0,0,0,0,0,0,0,0,0,0,0,1,0,4142514.42978724,"Town",83.42,1091295,142.6,9
"259","Kharagpur",0,0,0,0,0,0,0,0,0,0,0,0,0,0,0,0,0,0,1,1486728.7787234,"Town",85.76,207604,143.6,127
"260","Kharagpur",1,0,0,0,0,0,0,0,0,0,0,0,0,0,0,0,0,0,0,2509206.95744681,"Town",85.76,207604,143.6,127
"261","Kharagpur",0,1,0,0,0,0,0,0,0,0,0,0,0,0,0,0,0,0,0,2233472.18723404,"Town",85.76,207604,143.6,127
"262","Kharagpur",0,0,1,0,0,0,0,0,0,0,0,0,0,0,0,0,0,0,0,6991580.08510638,"Town",85.76,207604,143.6,127
"263","Kharagpur",0,0,0,1,0,0,0,0,0,0,0,0,0,0,0,0,0,0,0,1523359.75744681,"Town",85.76,207604,143.6,127
"264","Kharagpur",0,0,0,0,1,0,0,0,0,0,0,0,0,0,0,0,0,0,0,43997460.0851064,"Town",85.76,207604,143.6,127
"265","Kharagpur",0,0,0,0,0,1,0,0,0,0,0,0,0,0,0,0,0,0,0,6155794.83829787,"Town",85.76,207604,143.6,127
"266","Kharagpur",0,0,0,0,0,0,0,0,0,0,0,1,0,0,0,0,0,0,0,1243483.3787234,"Town",85.76,207604,143.6,127
"267","Kharagpur",0,0,0,0,0,0,0,1,0,0,0,0,0,0,0,0,0,0,0,1362975.44255319,"Town",85.76,207604,143.6,127
"268","Kharagpur",0,0,0,0,0,0,0,0,1,0,0,0,0,0,0,0,0,0,0,3587086.01702128,"Town",85.76,207604,143.6,127
"269","Kharagpur",0,0,0,0,0,0,1,0,0,0,0,0,0,0,0,0,0,0,0,21848335.8765957,"Town",85.76,207604,143.6,127
"270","Kharagpur",0,0,0,0,0,0,0,0,0,0,0,0,0,0,0,0,1,0,0,4281189.13191489,"Town",85.76,207604,143.6,127
"271","Kharagpur",0,0,0,0,0,0,0,0,0,1,0,0,0,0,0,0,0,0,0,4223666.60425532,"Town",85.76,207604,143.6,127
"272","Kharagpur",0,0,0,0,0,0,0,0,0,0,1,0,0,0,0,0,0,0,0,23901341.787234,"Town",85.76,207604,143.6,127
"273","Kharagpur",0,0,0,0,0,0,0,0,0,0,0,0,1,0,0,0,0,0,0,327020.357446808,"Town",85.76,207604,143.6,127
"274","Kharagpur",0,0,0,0,0,0,0,0,0,0,0,0,0,1,0,0,0,0,0,18524616.8,"Town",85.76,207604,143.6,127
"275","Kharagpur",0,0,0,0,0,0,0,0,0,0,0,0,0,0,1,0,0,0,0,29745709.3914894,"Town",85.76,207604,143.6,127
"276","Kharagpur",0,0,0,0,0,0,0,0,0,0,0,0,0,0,0,1,0,0,0,1901587.17446808,"Town",85.76,207604,143.6,127
"277","Kharagpur",0,0,0,0,0,0,0,0,0,0,0,0,0,0,0,0,0,1,0,3862787.6,"Town",85.76,207604,143.6,127
"278","Kolkata",0,0,0,0,0,0,0,0,0,0,0,0,0,0,0,0,0,0,1,47474466.4393617,"City",86.31,4496694,143.6,185
"279","Kolkata",1,0,0,0,0,0,0,0,0,0,0,0,0,0,0,0,0,0,0,61006916.4878724,"City",86.31,4496694,143.6,185
"280","Kolkata",0,1,0,0,0,0,0,0,0,0,0,0,0,0,0,0,0,0,0,83942349.2799999,"City",86.31,4496694,143.6,185
"281","Kolkata",0,0,1,0,0,0,0,0,0,0,0,0,0,0,0,0,0,0,0,135168694.49617,"City",86.31,4496694,143.6,185
"282","Kolkata",0,0,0,1,0,0,0,0,0,0,0,0,0,0,0,0,0,0,0,45414601.05,"City",86.31,4496694,143.6,185
"283","Kolkata",0,0,0,0,1,0,0,0,0,0,0,0,0,0,0,0,0,0,0,2000588008.24043,"City",86.31,4496694,143.6,185
"284","Kolkata",0,0,0,0,0,1,0,0,0,0,0,0,0,0,0,0,0,0,0,42565294.3376596,"City",86.31,4496694,143.6,185
"285","Kolkata",0,0,0,0,0,0,0,0,0,0,0,1,0,0,0,0,0,0,0,39653509.997234,"City",86.31,4496694,143.6,185
"286","Kolkata",0,0,0,0,0,0,0,1,0,0,0,0,0,0,0,0,0,0,0,13139154.8793617,"City",86.31,4496694,143.6,185
"287","Kolkata",0,0,0,0,0,0,0,0,1,0,0,0,0,0,0,0,0,0,0,154149426.681915,"City",86.31,4496694,143.6,185
"288","Kolkata",0,0,0,0,0,0,1,0,0,0,0,0,0,0,0,0,0,0,0,859816642.36383,"City",86.31,4496694,143.6,185
"289","Kolkata",0,0,0,0,0,0,0,0,0,0,0,0,0,0,0,0,1,0,0,123524541.645745,"City",86.31,4496694,143.6,185
"290","Kolkata",0,0,0,0,0,0,0,0,0,1,0,0,0,0,0,0,0,0,0,148309704.764681,"City",86.31,4496694,143.6,185
"291","Kolkata",0,0,0,0,0,0,0,0,0,0,1,0,0,0,0,0,0,0,0,958744968.042978,"City",86.31,4496694,143.6,185
"292","Kolkata",0,0,0,0,0,0,0,0,0,0,0,0,1,0,0,0,0,0,0,9617598.97106383,"City",86.31,4496694,143.6,185
"293","Kolkata",0,0,0,0,0,0,0,0,0,0,0,0,0,1,0,0,0,0,0,702099029.160212,"City",86.31,4496694,143.6,185
"294","Kolkata",0,0,0,0,0,0,0,0,0,0,0,0,0,0,1,0,0,0,0,125357324.688085,"City",86.31,4496694,143.6,185
"295","Kolkata",0,0,0,0,0,0,0,0,0,0,0,0,0,0,0,1,0,0,0,58271187.6702128,"City",86.31,4496694,143.6,185
"296","Kolkata",0,0,0,0,0,0,0,0,0,0,0,0,0,0,0,0,0,1,0,121953860.554468,"City",86.31,4496694,143.6,185
"297","Nagpur",0,0,0,0,0,0,0,0,0,0,0,0,0,0,0,0,0,0,1,6972922.79,"City",91.92,2405665,138.5,217.6
"298","Nagpur",1,0,0,0,0,0,0,0,0,0,0,0,0,0,0,0,0,0,0,20557121.79,"City",91.92,2405665,138.5,217.6
"299","Nagpur",0,1,0,0,0,0,0,0,0,0,0,0,0,0,0,0,0,0,0,22719115.27,"City",91.92,2405665,138.5,217.6
"300","Nagpur",0,0,1,0,0,0,0,0,0,0,0,0,0,0,0,0,0,0,0,22404343.47,"City",91.92,2405665,138.5,217.6
"301","Nagpur",0,0,0,1,0,0,0,0,0,0,0,0,0,0,0,0,0,0,0,9252046.89999999,"City",91.92,2405665,138.5,217.6
"302","Nagpur",0,0,0,0,1,0,0,0,0,0,0,0,0,0,0,0,0,0,0,420143072.36,"City",91.92,2405665,138.5,217.6
"303","Nagpur",0,0,0,0,0,1,0,0,0,0,0,0,0,0,0,0,0,0,0,22378396.95,"City",91.92,2405665,138.5,217.6
"304","Nagpur",0,0,0,0,0,0,0,0,0,0,0,1,0,0,0,0,0,0,0,20026664.14,"City",91.92,2405665,138.5,217.6
"305","Nagpur",0,0,0,0,0,0,0,1,0,0,0,0,0,0,0,0,0,0,0,4414673,"City",91.92,2405665,138.5,217.6
"306","Nagpur",0,0,0,0,0,0,0,0,1,0,0,0,0,0,0,0,0,0,0,43768068.84,"City",91.92,2405665,138.5,217.6
"307","Nagpur",0,0,0,0,0,0,1,0,0,0,0,0,0,0,0,0,0,0,0,274078851.26,"City",91.92,2405665,138.5,217.6
"308","Nagpur",0,0,0,0,0,0,0,0,0,0,0,0,0,0,0,0,1,0,0,43601559.47,"City",91.92,2405665,138.5,217.6
"309","Nagpur",0,0,0,0,0,0,0,0,0,1,0,0,0,0,0,0,0,0,0,50676361.82,"City",91.92,2405665,138.5,217.6
"310","Nagpur",0,0,0,0,0,0,0,0,0,0,1,0,0,0,0,0,0,0,0,192819255.86,"City",91.92,2405665,138.5,217.6
"311","Nagpur",0,0,0,0,0,0,0,0,0,0,0,0,1,0,0,0,0,0,0,4372657.37,"City",91.92,2405665,138.5,217.6
"312","Nagpur",0,0,0,0,0,0,0,0,0,0,0,0,0,1,0,0,0,0,0,220452245.06,"City",91.92,2405665,138.5,217.6
"313","Nagpur",0,0,0,0,0,0,0,0,0,0,0,0,0,0,1,0,0,0,0,60878118.5900001,"City",91.92,2405665,138.5,217.6
"314","Nagpur",0,0,0,0,0,0,0,0,0,0,0,0,0,0,0,1,0,0,0,19409442.4,"City",91.92,2405665,138.5,217.6
"315","Nagpur",0,0,0,0,0,0,0,0,0,0,0,0,0,0,0,0,0,1,0,31360220.83,"City",91.92,2405665,138.5,217.6
"316","Patna",0,0,0,0,0,0,0,0,0,0,0,0,0,0,0,0,0,0,1,10479370.75,"City",83.37,1684222,144,297.9
"317","Patna",1,0,0,0,0,0,0,0,0,0,0,0,0,0,0,0,0,0,0,17121861.25,"City",83.37,1684222,144,297.9
"318","Patna",0,1,0,0,0,0,0,0,0,0,0,0,0,0,0,0,0,0,0,27479224.55,"City",83.37,1684222,144,297.9
"319","Patna",0,0,1,0,0,0,0,0,0,0,0,0,0,0,0,0,0,0,0,41502433.9,"City",83.37,1684222,144,297.9
"320","Patna",0,0,0,1,0,0,0,0,0,0,0,0,0,0,0,0,0,0,0,7849915.56,"City",83.37,1684222,144,297.9
"321","Patna",0,0,0,0,1,0,0,0,0,0,0,0,0,0,0,0,0,0,0,432310550.39,"City",83.37,1684222,144,297.9
"322","Patna",0,0,0,0,0,1,0,0,0,0,0,0,0,0,0,0,0,0,0,9683903.87,"City",83.37,1684222,144,297.9
"323","Patna",0,0,0,0,0,0,0,0,0,0,0,1,0,0,0,0,0,0,0,14913642.85,"City",83.37,1684222,144,297.9
"324","Patna",0,0,0,0,0,0,0,1,0,0,0,0,0,0,0,0,0,0,0,48692.8,"City",83.37,1684222,144,297.9
"325","Patna",0,0,0,0,0,0,0,0,1,0,0,0,0,0,0,0,0,0,0,53580834.25,"City",83.37,1684222,144,297.9
"326","Patna",0,0,0,0,0,0,1,0,0,0,0,0,0,0,0,0,0,0,0,234300936.21,"City",83.37,1684222,144,297.9
"327","Patna",0,0,0,0,0,0,0,0,0,0,0,0,0,0,0,0,1,0,0,40043357.93,"City",83.37,1684222,144,297.9
"328","Patna",0,0,0,0,0,0,0,0,0,1,0,0,0,0,0,0,0,0,0,49441503.82,"City",83.37,1684222,144,297.9
"329","Patna",0,0,0,0,0,0,0,0,0,0,1,0,0,0,0,0,0,0,0,189814253.63,"City",83.37,1684222,144,297.9
"330","Patna",0,0,0,0,0,0,0,0,0,0,0,0,1,0,0,0,0,0,0,4249439.27,"City",83.37,1684222,144,297.9
"331","Patna",0,0,0,0,0,0,0,0,0,0,0,0,0,1,0,0,0,0,0,179825132.26,"City",83.37,1684222,144,297.9
"332","Patna",0,0,0,0,0,0,0,0,0,0,0,0,0,0,1,0,0,0,0,18595491.3,"City",83.37,1684222,144,297.9
"333","Patna",0,0,0,0,0,0,0,0,0,0,0,0,0,0,0,1,0,0,0,19304017.04,"City",83.37,1684222,144,297.9
"334","Patna",0,0,0,0,0,0,0,0,0,0,0,0,0,0,0,0,0,1,0,29445378.11,"City",83.37,1684222,144,297.9
"335","Raipur",0,0,0,0,0,0,0,0,0,0,0,0,0,0,0,0,0,0,1,1453934.27,"City",85.95,1010433,141.6,226
"336","Raipur",1,0,0,0,0,0,0,0,0,0,0,0,0,0,0,0,0,0,0,4304977.6,"City",85.95,1010433,141.6,226
"337","Raipur",0,1,0,0,0,0,0,0,0,0,0,0,0,0,0,0,0,0,0,5230821.74,"City",85.95,1010433,141.6,226
"338","Raipur",0,0,1,0,0,0,0,0,0,0,0,0,0,0,0,0,0,0,0,4133098.89,"City",85.95,1010433,141.6,226
"339","Raipur",0,0,0,1,0,0,0,0,0,0,0,0,0,0,0,0,0,0,0,1964198.13,"City",85.95,1010433,141.6,226
"340","Raipur",0,0,0,0,1,0,0,0,0,0,0,0,0,0,0,0,0,0,0,127443301.99,"City",85.95,1010433,141.6,226
"341","Raipur",0,0,0,0,0,1,0,0,0,0,0,0,0,0,0,0,0,0,0,6896740.1,"City",85.95,1010433,141.6,226
"342","Raipur",0,0,0,0,0,0,0,0,0,0,0,1,0,0,0,0,0,0,0,8016501.4,"City",85.95,1010433,141.6,226
"343","Raipur",0,0,0,0,0,0,0,1,0,0,0,0,0,0,0,0,0,0,0,748274.83,"City",85.95,1010433,141.6,226
"344","Raipur",0,0,0,0,0,0,0,0,1,0,0,0,0,0,0,0,0,0,0,13826243.45,"City",85.95,1010433,141.6,226
"345","Raipur",0,0,0,0,0,0,1,0,0,0,0,0,0,0,0,0,0,0,0,65966056.83,"City",85.95,1010433,141.6,226
"346","Raipur",0,0,0,0,0,0,0,0,0,0,0,0,0,0,0,0,1,0,0,14506344.3,"City",85.95,1010433,141.6,226
"347","Raipur",0,0,0,0,0,0,0,0,0,1,0,0,0,0,0,0,0,0,0,12540858.15,"City",85.95,1010433,141.6,226
"348","Raipur",0,0,0,0,0,0,0,0,0,0,1,0,0,0,0,0,0,0,0,46926646.66,"City",85.95,1010433,141.6,226
"349","Raipur",0,0,0,0,0,0,0,0,0,0,0,0,1,0,0,0,0,0,0,1137986.86,"City",85.95,1010433,141.6,226
"350","Raipur",0,0,0,0,0,0,0,0,0,0,0,0,0,1,0,0,0,0,0,35942257.84,"City",85.95,1010433,141.6,226
"351","Raipur",0,0,0,0,0,0,0,0,0,0,0,0,0,0,1,0,0,0,0,12777238.46,"City",85.95,1010433,141.6,226
"352","Raipur",0,0,0,0,0,0,0,0,0,0,0,0,0,0,0,1,0,0,0,4729141.81,"City",85.95,1010433,141.6,226
"353","Raipur",0,0,0,0,0,0,0,0,0,0,0,0,0,0,0,0,0,1,0,7839137.56,"City",85.95,1010433,141.6,226
"354","Ranchi",0,0,0,0,0,0,0,0,0,0,0,0,0,0,0,0,0,0,1,3777661.51,"City",87.37,1073427,142.2,175
"355","Ranchi",1,0,0,0,0,0,0,0,0,0,0,0,0,0,0,0,0,0,0,9340577.99,"City",87.37,1073427,142.2,175
"356","Ranchi",0,1,0,0,0,0,0,0,0,0,0,0,0,0,0,0,0,0,0,16479915.03,"City",87.37,1073427,142.2,175
"357","Ranchi",0,0,1,0,0,0,0,0,0,0,0,0,0,0,0,0,0,0,0,-62221.22,"City",87.37,1073427,142.2,175
"358","Ranchi",0,0,0,1,0,0,0,0,0,0,0,0,0,0,0,0,0,0,0,5342120.97,"City",87.37,1073427,142.2,175
"359","Ranchi",0,0,0,0,1,0,0,0,0,0,0,0,0,0,0,0,0,0,0,248896490.76,"City",87.37,1073427,142.2,175
"360","Ranchi",0,0,0,0,0,1,0,0,0,0,0,0,0,0,0,0,0,0,0,4477297.34,"City",87.37,1073427,142.2,175
"361","Ranchi",0,0,0,0,0,0,0,0,0,0,0,1,0,0,0,0,0,0,0,7605499.17,"City",87.37,1073427,142.2,175
"362","Ranchi",0,0,0,0,0,0,0,1,0,0,0,0,0,0,0,0,0,0,0,1282931.41,"City",87.37,1073427,142.2,175
"363","Ranchi",0,0,0,0,0,0,0,0,1,0,0,0,0,0,0,0,0,0,0,24632360.85,"City",87.37,1073427,142.2,175
"364","Ranchi",0,0,0,0,0,0,1,0,0,0,0,0,0,0,0,0,0,0,0,111957733.19,"City",87.37,1073427,142.2,175
"365","Ranchi",0,0,0,0,0,0,0,0,0,0,0,0,0,0,0,0,1,0,0,29676426.4,"City",87.37,1073427,142.2,175
"366","Ranchi",0,0,0,0,0,0,0,0,0,1,0,0,0,0,0,0,0,0,0,28212395.83,"City",87.37,1073427,142.2,175
"367","Ranchi",0,0,0,0,0,0,0,0,0,0,1,0,0,0,0,0,0,0,0,92150236.74,"City",87.37,1073427,142.2,175
"368","Ranchi",0,0,0,0,0,0,0,0,0,0,0,0,1,0,0,0,0,0,0,1954416.23,"City",87.37,1073427,142.2,175
"369","Ranchi",0,0,0,0,0,0,0,0,0,0,0,0,0,1,0,0,0,0,0,82653813.79,"City",87.37,1073427,142.2,175
"370","Ranchi",0,0,0,0,0,0,0,0,0,0,0,0,0,0,1,0,0,0,0,28672099.17,"City",87.37,1073427,142.2,175
"371","Ranchi",0,0,0,0,0,0,0,0,0,0,0,0,0,0,0,1,0,0,0,9494025.13,"City",87.37,1073427,142.2,175
"372","Ranchi",0,0,0,0,0,0,0,0,0,0,0,0,0,0,0,0,0,1,0,16489588.07,"City",87.37,1073427,142.2,175
"373","Sambalpur",0,0,0,0,0,0,0,0,0,0,0,0,0,0,0,0,0,0,1,914083.68,"Town",85.53,184000,144.5,670
"374","Sambalpur",1,0,0,0,0,0,0,0,0,0,0,0,0,0,0,0,0,0,0,5586852.46,"Town",85.53,184000,144.5,670
"375","Sambalpur",0,1,0,0,0,0,0,0,0,0,0,0,0,0,0,0,0,0,0,5498122.67,"Town",85.53,184000,144.5,670
"376","Sambalpur",0,0,1,0,0,0,0,0,0,0,0,0,0,0,0,0,0,0,0,9442586.52,"Town",85.53,184000,144.5,670
"377","Sambalpur",0,0,0,1,0,0,0,0,0,0,0,0,0,0,0,0,0,0,0,7288194.42,"Town",85.53,184000,144.5,670
"378","Sambalpur",0,0,0,0,1,0,0,0,0,0,0,0,0,0,0,0,0,0,0,80520402.06,"Town",85.53,184000,144.5,670
"379","Sambalpur",0,0,0,0,0,1,0,0,0,0,0,0,0,0,0,0,0,0,0,211095.17,"Town",85.53,184000,144.5,670
"380","Sambalpur",0,0,0,0,0,0,0,0,0,0,0,1,0,0,0,0,0,0,0,587432.02,"Town",85.53,184000,144.5,670
"381","Sambalpur",0,0,0,0,0,0,0,1,0,0,0,0,0,0,0,0,0,0,0,409,"Town",85.53,184000,144.5,670
"382","Sambalpur",0,0,0,0,0,0,0,0,1,0,0,0,0,0,0,0,0,0,0,12004514.31,"Town",85.53,184000,144.5,670
"383","Sambalpur",0,0,0,0,0,0,1,0,0,0,0,0,0,0,0,0,0,0,0,56020341.41,"Town",85.53,184000,144.5,670
"384","Sambalpur",0,0,0,0,0,0,0,0,0,0,0,0,0,0,0,0,1,0,0,8163995.71,"Town",85.53,184000,144.5,670
"385","Sambalpur",0,0,0,0,0,0,0,0,0,1,0,0,0,0,0,0,0,0,0,13616891.9,"Town",85.53,184000,144.5,670
"386","Sambalpur",0,0,0,0,0,0,0,0,0,0,1,0,0,0,0,0,0,0,0,52996907.49,"Town",85.53,184000,144.5,670
"387","Sambalpur",0,0,0,0,0,0,0,0,0,0,0,0,1,0,0,0,0,0,0,1230373.31,"Town",85.53,184000,144.5,670
"388","Sambalpur",0,0,0,0,0,0,0,0,0,0,0,0,0,1,0,0,0,0,0,34802523.86,"Town",85.53,184000,144.5,670
"389","Sambalpur",0,0,0,0,0,0,0,0,0,0,0,0,0,0,1,0,0,0,0,1704049.79,"Town",85.53,184000,144.5,670
"390","Sambalpur",0,0,0,0,0,0,0,0,0,0,0,0,0,0,0,1,0,0,0,4899006.35,"Town",85.53,184000,144.5,670
"391","Sambalpur",0,0,0,0,0,0,0,0,0,0,0,0,0,0,0,0,0,1,0,9339753.72,"Town",85.53,184000,144.5,670
"392","Silchar",0,0,0,0,0,0,0,0,0,0,0,0,0,0,0,0,0,0,1,799186.36,"Town",90.93,172830,142.6,343
"393","Silchar",1,0,0,0,0,0,0,0,0,0,0,0,0,0,0,0,0,0,0,2376502.84,"Town",90.93,172830,142.6,343
"394","Silchar",0,1,0,0,0,0,0,0,0,0,0,0,0,0,0,0,0,0,0,3387855,"Town",90.93,172830,142.6,343
"395","Silchar",0,0,1,0,0,0,0,0,0,0,0,0,0,0,0,0,0,0,0,5433230.03,"Town",90.93,172830,142.6,343
"396","Silchar",0,0,0,1,0,0,0,0,0,0,0,0,0,0,0,0,0,0,0,23787.57,"Town",90.93,172830,142.6,343
"397","Silchar",0,0,0,0,1,0,0,0,0,0,0,0,0,0,0,0,0,0,0,49436721.78,"Town",90.93,172830,142.6,343
"398","Silchar",0,0,0,0,0,1,0,0,0,0,0,0,0,0,0,0,0,0,0,1060,"Town",90.93,172830,142.6,343
"399","Silchar",0,0,0,0,0,0,0,0,0,0,0,1,0,0,0,0,0,0,0,393438.56,"Town",90.93,172830,142.6,343
"400","Silchar",0,0,0,0,0,0,0,1,0,0,0,0,0,0,0,0,0,0,0,0,"Town",90.93,172830,142.6,343
"401","Silchar",0,0,0,0,0,0,0,0,1,0,0,0,0,0,0,0,0,0,0,5946052.57,"Town",90.93,172830,142.6,343
"402","Silchar",0,0,0,0,0,0,1,0,0,0,0,0,0,0,0,0,0,0,0,18954391.88,"Town",90.93,172830,142.6,343
"403","Silchar",0,0,0,0,0,0,0,0,0,0,0,0,0,0,0,0,1,0,0,4372821.86,"Town",90.93,172830,142.6,343
"404","Silchar",0,0,0,0,0,0,0,0,0,1,0,0,0,0,0,0,0,0,0,6435073.73,"Town",90.93,172830,142.6,343
"405","Silchar",0,0,0,0,0,0,0,0,0,0,1,0,0,0,0,0,0,0,0,18902779.39,"Town",90.93,172830,142.6,343
"406","Silchar",0,0,0,0,0,0,0,0,0,0,0,0,1,0,0,0,0,0,0,480376.59,"Town",90.93,172830,142.6,343
"407","Silchar",0,0,0,0,0,0,0,0,0,0,0,0,0,1,0,0,0,0,0,19460455.96,"Town",90.93,172830,142.6,343
"408","Silchar",0,0,0,0,0,0,0,0,0,0,0,0,0,0,1,0,0,0,0,4325342.2,"Town",90.93,172830,142.6,343
"409","Silchar",0,0,0,0,0,0,0,0,0,0,0,0,0,0,0,1,0,0,0,3222368.03,"Town",90.93,172830,142.6,343
"410","Silchar",0,0,0,0,0,0,0,0,0,0,0,0,0,0,0,0,0,1,0,5127277.94,"Town",90.93,172830,142.6,343
"411","Siliguri",0,0,0,0,0,0,0,0,0,0,0,0,0,0,0,0,0,0,1,3573647,"City",85.91,513264,143.6,260
"412","Siliguri",1,0,0,0,0,0,0,0,0,0,0,0,0,0,0,0,0,0,0,6072856.86,"City",85.91,513264,143.6,260
"413","Siliguri",0,1,0,0,0,0,0,0,0,0,0,0,0,0,0,0,0,0,0,9270922.98,"City",85.91,513264,143.6,260
"414","Siliguri",0,0,1,0,0,0,0,0,0,0,0,0,0,0,0,0,0,0,0,18821931.61,"City",85.91,513264,143.6,260
"415","Siliguri",0,0,0,1,0,0,0,0,0,0,0,0,0,0,0,0,0,0,0,5275370.95,"City",85.91,513264,143.6,260
"416","Siliguri",0,0,0,0,1,0,0,0,0,0,0,0,0,0,0,0,0,0,0,259159977.51,"City",85.91,513264,143.6,260
"417","Siliguri",0,0,0,0,0,1,0,0,0,0,0,0,0,0,0,0,0,0,0,3200241.5,"City",85.91,513264,143.6,260
"418","Siliguri",0,0,0,0,0,0,0,0,0,0,0,1,0,0,0,0,0,0,0,6291964.43,"City",85.91,513264,143.6,260
"419","Siliguri",0,0,0,0,0,0,0,1,0,0,0,0,0,0,0,0,0,0,0,3697610.42,"City",85.91,513264,143.6,260
"420","Siliguri",0,0,0,0,0,0,0,0,1,0,0,0,0,0,0,0,0,0,0,21973934.69,"City",85.91,513264,143.6,260
"421","Siliguri",0,0,0,0,0,0,1,0,0,0,0,0,0,0,0,0,0,0,0,70152592.81,"City",85.91,513264,143.6,260
"422","Siliguri",0,0,0,0,0,0,0,0,0,0,0,0,0,0,0,0,1,0,0,12405945.87,"City",85.91,513264,143.6,260
"423","Siliguri",0,0,0,0,0,0,0,0,0,1,0,0,0,0,0,0,0,0,0,19503745.67,"City",85.91,513264,143.6,260
"424","Siliguri",0,0,0,0,0,0,0,0,0,0,1,0,0,0,0,0,0,0,0,65897928.21,"City",85.91,513264,143.6,260
"425","Siliguri",0,0,0,0,0,0,0,0,0,0,0,0,1,0,0,0,0,0,0,2145427.49,"City",85.91,513264,143.6,260
"426","Siliguri",0,0,0,0,0,0,0,0,0,0,0,0,0,1,0,0,0,0,0,43783373.25,"City",85.91,513264,143.6,260
"427","Siliguri",0,0,0,0,0,0,0,0,0,0,0,0,0,0,1,0,0,0,0,32605517.82,"City",85.91,513264,143.6,260
"428","Siliguri",0,0,0,0,0,0,0,0,0,0,0,0,0,0,0,1,0,0,0,10736591.23,"City",85.91,513264,143.6,260
"429","Siliguri",0,0,0,0,0,0,0,0,0,0,0,0,0,0,0,0,0,1,0,11181601.22,"City",85.91,513264,143.6,260
