,City,Category.of.SKU,Sale,City.Type.x,AvgCPI,State,Population.density,Percentage.of.plastic.for.roof,Percentage.of.plastic.for.wall,Banking,Radio,Comp,Mobile.Landline,Kids.population,Oldage.population,Per.capita.spending,NSDP.per.capita,Total sales
1,Asansol,Wellness,2795247.57021277,Town,143.6,West Bengal,11508.5102,0.4,0.2,67.5,13.5,5,7.4,136928,29838,1079.25,70059,168630885.634043
2,Asansol,Cookware,2487419.35744681,Town,143.6,West Bengal,11508.5102,0.4,0.2,67.5,13.5,5,7.4,136928,29838,1079.25,70059,168630885.634043
3,Asansol,Crockery,2800423.50212766,Town,143.6,West Bengal,11508.5102,0.4,0.2,67.5,13.5,5,7.4,136928,29838,1079.25,70059,168630885.634043
4,Asansol,Electronics,5259208.10212766,Town,143.6,West Bengal,11508.5102,0.4,0.2,67.5,13.5,5,7.4,136928,29838,1079.25,70059,168630885.634043
5,Asansol,Farm Fresh,2749654.63404255,Town,143.6,West Bengal,11508.5102,0.4,0.2,67.5,13.5,5,7.4,136928,29838,1079.25,70059,168630885.634043
6,Asansol,Fashion,37155072.9276596,Town,143.6,West Bengal,11508.5102,0.4,0.2,67.5,13.5,5,7.4,136928,29838,1079.25,70059,168630885.634043
7,Asansol,Food Services,181471.114893617,Town,143.6,West Bengal,11508.5102,0.4,0.2,67.5,13.5,5,7.4,136928,29838,1079.25,70059,168630885.634043
8,Asansol,Shoes,29649.7489361702,Town,143.6,West Bengal,11508.5102,0.4,0.2,67.5,13.5,5,7.4,136928,29838,1079.25,70059,168630885.634043
9,Asansol,Home Essentials,14808,Town,143.6,West Bengal,11508.5102,0.4,0.2,67.5,13.5,5,7.4,136928,29838,1079.25,70059,168630885.634043
10,Asansol,Home Fashion,4286111.21702128,Town,143.6,West Bengal,11508.5102,0.4,0.2,67.5,13.5,5,7.4,136928,29838,1079.25,70059,168630885.634043
11,Asansol,Healthcare,29394050.1021277,Town,143.6,West Bengal,11508.5102,0.4,0.2,67.5,13.5,5,7.4,136928,29838,1079.25,70059,168630885.634043
12,Asansol,Trolley Bags,4495174.47659575,Town,143.6,West Bengal,11508.5102,0.4,0.2,67.5,13.5,5,7.4,136928,29838,1079.25,70059,168630885.634043
13,Asansol,Plastics,5192360.4,Town,143.6,West Bengal,11508.5102,0.4,0.2,67.5,13.5,5,7.4,136928,29838,1079.25,70059,168630885.634043
14,Asansol,Processed Food,28621607.8042553,Town,143.6,West Bengal,11508.5102,0.4,0.2,67.5,13.5,5,7.4,136928,29838,1079.25,70059,168630885.634043
15,Asansol,Sports,383632.365957447,Town,143.6,West Bengal,11508.5102,0.4,0.2,67.5,13.5,5,7.4,136928,29838,1079.25,70059,168630885.634043
16,Asansol,Staples,26036011.8340426,Town,143.6,West Bengal,11508.5102,0.4,0.2,67.5,13.5,5,7.4,136928,29838,1079.25,70059,168630885.634043
17,Asansol,Stationery,9768392.25106383,Town,143.6,West Bengal,11508.5102,0.4,0.2,67.5,13.5,5,7.4,136928,29838,1079.25,70059,168630885.634043
18,Asansol,Toys,2189530.43404255,Town,143.6,West Bengal,11508.5102,0.4,0.2,67.5,13.5,5,7.4,136928,29838,1079.25,70059,168630885.634043
19,Asansol,Utensils,4791059.79148936,Town,143.6,West Bengal,11508.5102,0.4,0.2,67.5,13.5,5,7.4,136928,29838,1079.25,70059,168630885.634043
20,Bhagalpur,Crockery,1234,Town,144,Bihar,1170.017544,1.7,0.5,58,24.1,3.74,3.6,126771,18375,938.01,31199,35547478.9191489
21,Bhagalpur,Electronics,1234,Town,144,Bihar,1170.017544,1.7,0.5,58,24.1,3.74,3.6,126771,18375,938.01,31199,35547478.9191489
22,Bhagalpur,Fashion,32400422.6638298,Town,144,Bihar,1170.017544,1.7,0.5,58,24.1,3.74,3.6,126771,18375,938.01,31199,35547478.9191489
23,Bhagalpur,Shoes,593050.136170213,Town,144,Bihar,1170.017544,1.7,0.5,58,24.1,3.74,3.6,126771,18375,938.01,31199,35547478.9191489
24,Bhagalpur,Home Essentials,11124.7234042553,Town,144,Bihar,1170.017544,1.7,0.5,58,24.1,3.74,3.6,126771,18375,938.01,31199,35547478.9191489
25,Bhagalpur,Home Fashion,2313605.18723404,Town,144,Bihar,1170.017544,1.7,0.5,58,24.1,3.74,3.6,126771,18375,938.01,31199,35547478.9191489
26,Bhagalpur,Trolley Bags,26477.3617021277,Town,144,Bihar,1170.017544,1.7,0.5,58,24.1,3.74,3.6,126771,18375,938.01,31199,35547478.9191489
27,Bhagalpur,Plastics,2468,Town,144,Bihar,1170.017544,1.7,0.5,58,24.1,3.74,3.6,126771,18375,938.01,31199,35547478.9191489
28,Bhagalpur,Processed Food,2472.3404255319,Town,144,Bihar,1170.017544,1.7,0.5,58,24.1,3.74,3.6,126771,18375,938.01,31199,35547478.9191489
29,Bhagalpur,Stationery,183050.506382979,Town,144,Bihar,1170.017544,1.7,0.5,58,24.1,3.74,3.6,126771,18375,938.01,31199,35547478.9191489
30,Bhagalpur,Toys,8638,Town,144,Bihar,1170.017544,1.7,0.5,58,24.1,3.74,3.6,126771,18375,938.01,31199,35547478.9191489
31,Bhagalpur,Utensils,3702,Town,144,Bihar,1170.017544,1.7,0.5,58,24.1,3.74,3.6,126771,18375,938.01,31199,35547478.9191489
32,Bhubaneshwar,Wellness,3510542.27659574,City,144.5,Orissa,6247.422222,3.6,0.5,72.5,24.7,16,14.3,201502,24721,1419.92,52559,605670526.795745
33,Bhubaneshwar,Cookware,6911649.73191489,City,144.5,Orissa,6247.422222,3.6,0.5,72.5,24.7,16,14.3,201502,24721,1419.92,52559,605670526.795745
34,Bhubaneshwar,Crockery,10964260.5148936,City,144.5,Orissa,6247.422222,3.6,0.5,72.5,24.7,16,14.3,201502,24721,1419.92,52559,605670526.795745
35,Bhubaneshwar,Electronics,7074638.99574468,City,144.5,Orissa,6247.422222,3.6,0.5,72.5,24.7,16,14.3,201502,24721,1419.92,52559,605670526.795745
36,Bhubaneshwar,Farm Fresh,1123880.3787234,City,144.5,Orissa,6247.422222,3.6,0.5,72.5,24.7,16,14.3,201502,24721,1419.92,52559,605670526.795745
37,Bhubaneshwar,Fashion,199716680.595745,City,144.5,Orissa,6247.422222,3.6,0.5,72.5,24.7,16,14.3,201502,24721,1419.92,52559,605670526.795745
38,Bhubaneshwar,Food Services,2635829.28510638,City,144.5,Orissa,6247.422222,3.6,0.5,72.5,24.7,16,14.3,201502,24721,1419.92,52559,605670526.795745
39,Bhubaneshwar,Shoes,7740744.75744681,City,144.5,Orissa,6247.422222,3.6,0.5,72.5,24.7,16,14.3,201502,24721,1419.92,52559,605670526.795745
40,Bhubaneshwar,Home Essentials,5655842.72340426,City,144.5,Orissa,6247.422222,3.6,0.5,72.5,24.7,16,14.3,201502,24721,1419.92,52559,605670526.795745
41,Bhubaneshwar,Home Fashion,23160038.3191489,City,144.5,Orissa,6247.422222,3.6,0.5,72.5,24.7,16,14.3,201502,24721,1419.92,52559,605670526.795745
42,Bhubaneshwar,Healthcare,96217517.319149,City,144.5,Orissa,6247.422222,3.6,0.5,72.5,24.7,16,14.3,201502,24721,1419.92,52559,605670526.795745
43,Bhubaneshwar,Trolley Bags,20021579.0340426,City,144.5,Orissa,6247.422222,3.6,0.5,72.5,24.7,16,14.3,201502,24721,1419.92,52559,605670526.795745
44,Bhubaneshwar,Plastics,21648148.8978723,City,144.5,Orissa,6247.422222,3.6,0.5,72.5,24.7,16,14.3,201502,24721,1419.92,52559,605670526.795745
45,Bhubaneshwar,Processed Food,85817238.8170213,City,144.5,Orissa,6247.422222,3.6,0.5,72.5,24.7,16,14.3,201502,24721,1419.92,52559,605670526.795745
46,Bhubaneshwar,Sports,1411944.28085106,City,144.5,Orissa,6247.422222,3.6,0.5,72.5,24.7,16,14.3,201502,24721,1419.92,52559,605670526.795745
47,Bhubaneshwar,Staples,65223728.4808511,City,144.5,Orissa,6247.422222,3.6,0.5,72.5,24.7,16,14.3,201502,24721,1419.92,52559,605670526.795745
48,Bhubaneshwar,Stationery,24066656.7106383,City,144.5,Orissa,6247.422222,3.6,0.5,72.5,24.7,16,14.3,201502,24721,1419.92,52559,605670526.795745
49,Bhubaneshwar,Toys,8129330.16595744,City,144.5,Orissa,6247.422222,3.6,0.5,72.5,24.7,16,14.3,201502,24721,1419.92,52559,605670526.795745
50,Bhubaneshwar,Utensils,14640275.5106383,City,144.5,Orissa,6247.422222,3.6,0.5,72.5,24.7,16,14.3,201502,24721,1419.92,52559,605670526.795745
51,Bilaspur,Wellness,388633.017021277,Town,141.6,Chhatisgarh,957.2874494,0.6,0.2,57,25.3,5.3,5.8,95074,18016,933.03,58547,101714876.06383
52,Bilaspur,Cookware,1281239.95744681,Town,141.6,Chhatisgarh,957.2874494,0.6,0.2,57,25.3,5.3,5.8,95074,18016,933.03,58547,101714876.06383
53,Bilaspur,Crockery,1500587.62978723,Town,141.6,Chhatisgarh,957.2874494,0.6,0.2,57,25.3,5.3,5.8,95074,18016,933.03,58547,101714876.06383
54,Bilaspur,Electronics,4173297.76595745,Town,141.6,Chhatisgarh,957.2874494,0.6,0.2,57,25.3,5.3,5.8,95074,18016,933.03,58547,101714876.06383
55,Bilaspur,Farm Fresh,247961.689361702,Town,141.6,Chhatisgarh,957.2874494,0.6,0.2,57,25.3,5.3,5.8,95074,18016,933.03,58547,101714876.06383
56,Bilaspur,Fashion,30317269.6382979,Town,141.6,Chhatisgarh,957.2874494,0.6,0.2,57,25.3,5.3,5.8,95074,18016,933.03,58547,101714876.06383
57,Bilaspur,Food Services,233372.012765957,Town,141.6,Chhatisgarh,957.2874494,0.6,0.2,57,25.3,5.3,5.8,95074,18016,933.03,58547,101714876.06383
58,Bilaspur,Shoes,1063127.61276596,Town,141.6,Chhatisgarh,957.2874494,0.6,0.2,57,25.3,5.3,5.8,95074,18016,933.03,58547,101714876.06383
59,Bilaspur,Home Essentials,1505429.05957447,Town,141.6,Chhatisgarh,957.2874494,0.6,0.2,57,25.3,5.3,5.8,95074,18016,933.03,58547,101714876.06383
60,Bilaspur,Home Fashion,3176552.02553192,Town,141.6,Chhatisgarh,957.2874494,0.6,0.2,57,25.3,5.3,5.8,95074,18016,933.03,58547,101714876.06383
61,Bilaspur,Healthcare,17543805.7191489,Town,141.6,Chhatisgarh,957.2874494,0.6,0.2,57,25.3,5.3,5.8,95074,18016,933.03,58547,101714876.06383
62,Bilaspur,Trolley Bags,2380004.62978723,Town,141.6,Chhatisgarh,957.2874494,0.6,0.2,57,25.3,5.3,5.8,95074,18016,933.03,58547,101714876.06383
63,Bilaspur,Plastics,3724322.27234043,Town,141.6,Chhatisgarh,957.2874494,0.6,0.2,57,25.3,5.3,5.8,95074,18016,933.03,58547,101714876.06383
64,Bilaspur,Processed Food,14026340.0212766,Town,141.6,Chhatisgarh,957.2874494,0.6,0.2,57,25.3,5.3,5.8,95074,18016,933.03,58547,101714876.06383
65,Bilaspur,Sports,325211.242553191,Town,141.6,Chhatisgarh,957.2874494,0.6,0.2,57,25.3,5.3,5.8,95074,18016,933.03,58547,101714876.06383
66,Bilaspur,Staples,13886973.5617021,Town,141.6,Chhatisgarh,957.2874494,0.6,0.2,57,25.3,5.3,5.8,95074,18016,933.03,58547,101714876.06383
67,Bilaspur,Stationery,2124750.91914894,Town,141.6,Chhatisgarh,957.2874494,0.6,0.2,57,25.3,5.3,5.8,95074,18016,933.03,58547,101714876.06383
68,Bilaspur,Toys,1417239.29361702,Town,141.6,Chhatisgarh,957.2874494,0.6,0.2,57,25.3,5.3,5.8,95074,18016,933.03,58547,101714876.06383
69,Bilaspur,Utensils,2398757.99574468,Town,141.6,Chhatisgarh,957.2874494,0.6,0.2,57,25.3,5.3,5.8,95074,18016,933.03,58547,101714876.06383
70,Burdwan,Wellness,2276430.09787234,Town,143.6,West Bengal,5326.525424,0.4,0.3,68.2,17,4,7,60662,20488,1079.25,70059,139756025.93617
71,Burdwan,Cookware,2372522.01276596,Town,143.6,West Bengal,5326.525424,0.4,0.3,68.2,17,4,7,60662,20488,1079.25,70059,139756025.93617
72,Burdwan,Crockery,2916523.54468085,Town,143.6,West Bengal,5326.525424,0.4,0.3,68.2,17,4,7,60662,20488,1079.25,70059,139756025.93617
73,Burdwan,Electronics,5574540.3106383,Town,143.6,West Bengal,5326.525424,0.4,0.3,68.2,17,4,7,60662,20488,1079.25,70059,139756025.93617
74,Burdwan,Farm Fresh,2117807.78723404,Town,143.6,West Bengal,5326.525424,0.4,0.3,68.2,17,4,7,60662,20488,1079.25,70059,139756025.93617
75,Burdwan,Fashion,33393354.1361702,Town,143.6,West Bengal,5326.525424,0.4,0.3,68.2,17,4,7,60662,20488,1079.25,70059,139756025.93617
76,Burdwan,Food Services,22400.3957446809,Town,143.6,West Bengal,5326.525424,0.4,0.3,68.2,17,4,7,60662,20488,1079.25,70059,139756025.93617
77,Burdwan,Shoes,175727.455319149,Town,143.6,West Bengal,5326.525424,0.4,0.3,68.2,17,4,7,60662,20488,1079.25,70059,139756025.93617
78,Burdwan,Home Essentials,7437.6170212766,Town,143.6,West Bengal,5326.525424,0.4,0.3,68.2,17,4,7,60662,20488,1079.25,70059,139756025.93617
79,Burdwan,Home Fashion,3276933.97021276,Town,143.6,West Bengal,5326.525424,0.4,0.3,68.2,17,4,7,60662,20488,1079.25,70059,139756025.93617
80,Burdwan,Healthcare,20441850.1744681,Town,143.6,West Bengal,5326.525424,0.4,0.3,68.2,17,4,7,60662,20488,1079.25,70059,139756025.93617
81,Burdwan,Trolley Bags,3556570.73617021,Town,143.6,West Bengal,5326.525424,0.4,0.3,68.2,17,4,7,60662,20488,1079.25,70059,139756025.93617
82,Burdwan,Plastics,3995496.7787234,Town,143.6,West Bengal,5326.525424,0.4,0.3,68.2,17,4,7,60662,20488,1079.25,70059,139756025.93617
83,Burdwan,Processed Food,19588367.9148936,Town,143.6,West Bengal,5326.525424,0.4,0.3,68.2,17,4,7,60662,20488,1079.25,70059,139756025.93617
84,Burdwan,Sports,302110.306382979,Town,143.6,West Bengal,5326.525424,0.4,0.3,68.2,17,4,7,60662,20488,1079.25,70059,139756025.93617
85,Burdwan,Staples,14166456.2893617,Town,143.6,West Bengal,5326.525424,0.4,0.3,68.2,17,4,7,60662,20488,1079.25,70059,139756025.93617
86,Burdwan,Stationery,19706998.5319149,Town,143.6,West Bengal,5326.525424,0.4,0.3,68.2,17,4,7,60662,20488,1079.25,70059,139756025.93617
87,Burdwan,Toys,2066979.33617021,Town,143.6,West Bengal,5326.525424,0.4,0.3,68.2,17,4,7,60662,20488,1079.25,70059,139756025.93617
88,Burdwan,Utensils,3797518.54042553,Town,143.6,West Bengal,5326.525424,0.4,0.3,68.2,17,4,7,60662,20488,1079.25,70059,139756025.93617
89,Cuttack,Wellness,480547.70212766,Town,144.5,Orissa,1533.138191,0.8,0.4,73.1,31.4,8.7,11.7,133798,32443,789.26,52559,144777398.365957
90,Cuttack,Cookware,2034576.32340426,Town,144.5,Orissa,1533.138191,0.8,0.4,73.1,31.4,8.7,11.7,133798,32443,789.26,52559,144777398.365957
91,Cuttack,Crockery,2798322.64255319,Town,144.5,Orissa,1533.138191,0.8,0.4,73.1,31.4,8.7,11.7,133798,32443,789.26,52559,144777398.365957
92,Cuttack,Electronics,5517266.10638298,Town,144.5,Orissa,1533.138191,0.8,0.4,73.1,31.4,8.7,11.7,133798,32443,789.26,52559,144777398.365957
93,Cuttack,Farm Fresh,303929.161702128,Town,144.5,Orissa,1533.138191,0.8,0.4,73.1,31.4,8.7,11.7,133798,32443,789.26,52559,144777398.365957
94,Cuttack,Fashion,36881707.6425532,Town,144.5,Orissa,1533.138191,0.8,0.4,73.1,31.4,8.7,11.7,133798,32443,789.26,52559,144777398.365957
95,Cuttack,Food Services,810208.719148936,Town,144.5,Orissa,1533.138191,0.8,0.4,73.1,31.4,8.7,11.7,133798,32443,789.26,52559,144777398.365957
96,Cuttack,Shoes,1197917.49787234,Town,144.5,Orissa,1533.138191,0.8,0.4,73.1,31.4,8.7,11.7,133798,32443,789.26,52559,144777398.365957
97,Cuttack,Home Essentials,1526326.02553192,Town,144.5,Orissa,1533.138191,0.8,0.4,73.1,31.4,8.7,11.7,133798,32443,789.26,52559,144777398.365957
98,Cuttack,Home Fashion,5304414.33617021,Town,144.5,Orissa,1533.138191,0.8,0.4,73.1,31.4,8.7,11.7,133798,32443,789.26,52559,144777398.365957
99,Cuttack,Healthcare,26176664.5106383,Town,144.5,Orissa,1533.138191,0.8,0.4,73.1,31.4,8.7,11.7,133798,32443,789.26,52559,144777398.365957
100,Cuttack,Trolley Bags,4784038.32340425,Town,144.5,Orissa,1533.138191,0.8,0.4,73.1,31.4,8.7,11.7,133798,32443,789.26,52559,144777398.365957
101,Cuttack,Plastics,5227638.55744681,Town,144.5,Orissa,1533.138191,0.8,0.4,73.1,31.4,8.7,11.7,133798,32443,789.26,52559,144777398.365957
102,Cuttack,Processed Food,23752021.706383,Town,144.5,Orissa,1533.138191,0.8,0.4,73.1,31.4,8.7,11.7,133798,32443,789.26,52559,144777398.365957
103,Cuttack,Sports,387858.008510638,Town,144.5,Orissa,1533.138191,0.8,0.4,73.1,31.4,8.7,11.7,133798,32443,789.26,52559,144777398.365957
104,Cuttack,Staples,19244155.1021277,Town,144.5,Orissa,1533.138191,0.8,0.4,73.1,31.4,8.7,11.7,133798,32443,789.26,52559,144777398.365957
105,Cuttack,Stationery,1981541.03829787,Town,144.5,Orissa,1533.138191,0.8,0.4,73.1,31.4,8.7,11.7,133798,32443,789.26,52559,144777398.365957
106,Cuttack,Toys,2281462.20851064,Town,144.5,Orissa,1533.138191,0.8,0.4,73.1,31.4,8.7,11.7,133798,32443,789.26,52559,144777398.365957
107,Cuttack,Utensils,4086802.75319149,Town,144.5,Orissa,1533.138191,0.8,0.4,73.1,31.4,8.7,11.7,133798,32443,789.26,52559,144777398.365957
108,Darjeeling,Wellness,153868.591489362,Town,143.6,West Bengal,11239.82971,1,0.9,70.4,22.2,6,9.2,22232,6086,1079.25,70059,63891054.5319149
109,Darjeeling,Cookware,1001375.89361702,Town,143.6,West Bengal,11239.82971,1,0.9,70.4,22.2,6,9.2,22232,6086,1079.25,70059,63891054.5319149
110,Darjeeling,Crockery,1542496.23829787,Town,143.6,West Bengal,11239.82971,1,0.9,70.4,22.2,6,9.2,22232,6086,1079.25,70059,63891054.5319149
111,Darjeeling,Electronics,2216824.35319149,Town,143.6,West Bengal,11239.82971,1,0.9,70.4,22.2,6,9.2,22232,6086,1079.25,70059,63891054.5319149
112,Darjeeling,Fashion,17896912.093617,Town,143.6,West Bengal,11239.82971,1,0.9,70.4,22.2,6,9.2,22232,6086,1079.25,70059,63891054.5319149
113,Darjeeling,Food Services,207511.063829787,Town,143.6,West Bengal,11239.82971,1,0.9,70.4,22.2,6,9.2,22232,6086,1079.25,70059,63891054.5319149
114,Darjeeling,Shoes,235734.868085106,Town,143.6,West Bengal,11239.82971,1,0.9,70.4,22.2,6,9.2,22232,6086,1079.25,70059,63891054.5319149
115,Darjeeling,Home Essentials,8132.5531914894,Town,143.6,West Bengal,11239.82971,1,0.9,70.4,22.2,6,9.2,22232,6086,1079.25,70059,63891054.5319149
116,Darjeeling,Home Fashion,2170208.8,Town,143.6,West Bengal,11239.82971,1,0.9,70.4,22.2,6,9.2,22232,6086,1079.25,70059,63891054.5319149
117,Darjeeling,Healthcare,9080292.34042553,Town,143.6,West Bengal,11239.82971,1,0.9,70.4,22.2,6,9.2,22232,6086,1079.25,70059,63891054.5319149
118,Darjeeling,Trolley Bags,1527941.80425532,Town,143.6,West Bengal,11239.82971,1,0.9,70.4,22.2,6,9.2,22232,6086,1079.25,70059,63891054.5319149
119,Darjeeling,Plastics,3494301.64255319,Town,143.6,West Bengal,11239.82971,1,0.9,70.4,22.2,6,9.2,22232,6086,1079.25,70059,63891054.5319149
120,Darjeeling,Processed Food,8563359.72340426,Town,143.6,West Bengal,11239.82971,1,0.9,70.4,22.2,6,9.2,22232,6086,1079.25,70059,63891054.5319149
121,Darjeeling,Sports,347130.536170213,Town,143.6,West Bengal,11239.82971,1,0.9,70.4,22.2,6,9.2,22232,6086,1079.25,70059,63891054.5319149
122,Darjeeling,Staples,9563348.48510638,Town,143.6,West Bengal,11239.82971,1,0.9,70.4,22.2,6,9.2,22232,6086,1079.25,70059,63891054.5319149
123,Darjeeling,Stationery,1722592.38723404,Town,143.6,West Bengal,11239.82971,1,0.9,70.4,22.2,6,9.2,22232,6086,1079.25,70059,63891054.5319149
124,Darjeeling,Toys,2050861.14468085,Town,143.6,West Bengal,11239.82971,1,0.9,70.4,22.2,6,9.2,22232,6086,1079.25,70059,63891054.5319149
125,Darjeeling,Utensils,2108162.01276596,Town,143.6,West Bengal,11239.82971,1,0.9,70.4,22.2,6,9.2,22232,6086,1079.25,70059,63891054.5319149
126,Deoghar,Wellness,179855.25106383,Town,142.2,Jharkhand,602.7388724,0.6,0.1,73.5,11.6,3.4,2.5,62451,9623,938.01,46131,102084885.795745
127,Deoghar,Cookware,1811486.73617021,Town,142.2,Jharkhand,602.7388724,0.6,0.1,73.5,11.6,3.4,2.5,62451,9623,938.01,46131,102084885.795745
128,Deoghar,Crockery,1702889.46808511,Town,142.2,Jharkhand,602.7388724,0.6,0.1,73.5,11.6,3.4,2.5,62451,9623,938.01,46131,102084885.795745
129,Deoghar,Electronics,3685102.0893617,Town,142.2,Jharkhand,602.7388724,0.6,0.1,73.5,11.6,3.4,2.5,62451,9623,938.01,46131,102084885.795745
130,Deoghar,Farm Fresh,333188.178723404,Town,142.2,Jharkhand,602.7388724,0.6,0.1,73.5,11.6,3.4,2.5,62451,9623,938.01,46131,102084885.795745
131,Deoghar,Fashion,24417492.3106383,Town,142.2,Jharkhand,602.7388724,0.6,0.1,73.5,11.6,3.4,2.5,62451,9623,938.01,46131,102084885.795745
132,Deoghar,Food Services,15532.3021276596,Town,142.2,Jharkhand,602.7388724,0.6,0.1,73.5,11.6,3.4,2.5,62451,9623,938.01,46131,102084885.795745
133,Deoghar,Shoes,883200.068085107,Town,142.2,Jharkhand,602.7388724,0.6,0.1,73.5,11.6,3.4,2.5,62451,9623,938.01,46131,102084885.795745
134,Deoghar,Home Essentials,193751.995744681,Town,142.2,Jharkhand,602.7388724,0.6,0.1,73.5,11.6,3.4,2.5,62451,9623,938.01,46131,102084885.795745
135,Deoghar,Home Fashion,3342223.93191489,Town,142.2,Jharkhand,602.7388724,0.6,0.1,73.5,11.6,3.4,2.5,62451,9623,938.01,46131,102084885.795745
136,Deoghar,Healthcare,19294323.4085106,Town,142.2,Jharkhand,602.7388724,0.6,0.1,73.5,11.6,3.4,2.5,62451,9623,938.01,46131,102084885.795745
137,Deoghar,Trolley Bags,3165223.45957447,Town,142.2,Jharkhand,602.7388724,0.6,0.1,73.5,11.6,3.4,2.5,62451,9623,938.01,46131,102084885.795745
138,Deoghar,Plastics,3762673.70638298,Town,142.2,Jharkhand,602.7388724,0.6,0.1,73.5,11.6,3.4,2.5,62451,9623,938.01,46131,102084885.795745
139,Deoghar,Processed Food,17298241.2340426,Town,142.2,Jharkhand,602.7388724,0.6,0.1,73.5,11.6,3.4,2.5,62451,9623,938.01,46131,102084885.795745
140,Deoghar,Sports,278088.94893617,Town,142.2,Jharkhand,602.7388724,0.6,0.1,73.5,11.6,3.4,2.5,62451,9623,938.01,46131,102084885.795745
141,Deoghar,Staples,14620962.3702128,Town,142.2,Jharkhand,602.7388724,0.6,0.1,73.5,11.6,3.4,2.5,62451,9623,938.01,46131,102084885.795745
142,Deoghar,Stationery,2668953.38297872,Town,142.2,Jharkhand,602.7388724,0.6,0.1,73.5,11.6,3.4,2.5,62451,9623,938.01,46131,102084885.795745
143,Deoghar,Toys,1546082.53617021,Town,142.2,Jharkhand,602.7388724,0.6,0.1,73.5,11.6,3.4,2.5,62451,9623,938.01,46131,102084885.795745
144,Deoghar,Utensils,2885614.41702128,Town,142.2,Jharkhand,602.7388724,0.6,0.1,73.5,11.6,3.4,2.5,62451,9623,938.01,46131,102084885.795745
145,Dhanbad,Wellness,331290.072340426,Town,142.2,Jharkhand,566.5068226,0.3,0.1,73.6,9.7,3.5,3,350678,38892,938.01,46131,144442126.651064
146,Dhanbad,Cookware,2483055.58723404,Town,142.2,Jharkhand,566.5068226,0.3,0.1,73.6,9.7,3.5,3,350678,38892,938.01,46131,144442126.651064
147,Dhanbad,Crockery,3197925.11914894,Town,142.2,Jharkhand,566.5068226,0.3,0.1,73.6,9.7,3.5,3,350678,38892,938.01,46131,144442126.651064
148,Dhanbad,Electronics,8648718.74042553,Town,142.2,Jharkhand,566.5068226,0.3,0.1,73.6,9.7,3.5,3,350678,38892,938.01,46131,144442126.651064
149,Dhanbad,Farm Fresh,102878.978723404,Town,142.2,Jharkhand,566.5068226,0.3,0.1,73.6,9.7,3.5,3,350678,38892,938.01,46131,144442126.651064
150,Dhanbad,Fashion,34640695.0510638,Town,142.2,Jharkhand,566.5068226,0.3,0.1,73.6,9.7,3.5,3,350678,38892,938.01,46131,144442126.651064
151,Dhanbad,Food Services,1373608.2893617,Town,142.2,Jharkhand,566.5068226,0.3,0.1,73.6,9.7,3.5,3,350678,38892,938.01,46131,144442126.651064
152,Dhanbad,Shoes,207609.225531915,Town,142.2,Jharkhand,566.5068226,0.3,0.1,73.6,9.7,3.5,3,350678,38892,938.01,46131,144442126.651064
153,Dhanbad,Home Essentials,32518.5319148936,Town,142.2,Jharkhand,566.5068226,0.3,0.1,73.6,9.7,3.5,3,350678,38892,938.01,46131,144442126.651064
154,Dhanbad,Home Fashion,6152379.99148936,Town,142.2,Jharkhand,566.5068226,0.3,0.1,73.6,9.7,3.5,3,350678,38892,938.01,46131,144442126.651064
155,Dhanbad,Healthcare,24678017.6468085,Town,142.2,Jharkhand,566.5068226,0.3,0.1,73.6,9.7,3.5,3,350678,38892,938.01,46131,144442126.651064
156,Dhanbad,Trolley Bags,6245068.72340426,Town,142.2,Jharkhand,566.5068226,0.3,0.1,73.6,9.7,3.5,3,350678,38892,938.01,46131,144442126.651064
157,Dhanbad,Plastics,5210714.43829787,Town,142.2,Jharkhand,566.5068226,0.3,0.1,73.6,9.7,3.5,3,350678,38892,938.01,46131,144442126.651064
158,Dhanbad,Processed Food,23604789.5148936,Town,142.2,Jharkhand,566.5068226,0.3,0.1,73.6,9.7,3.5,3,350678,38892,938.01,46131,144442126.651064
159,Dhanbad,Sports,573305.30212766,Town,142.2,Jharkhand,566.5068226,0.3,0.1,73.6,9.7,3.5,3,350678,38892,938.01,46131,144442126.651064
160,Dhanbad,Staples,17606666.3744681,Town,142.2,Jharkhand,566.5068226,0.3,0.1,73.6,9.7,3.5,3,350678,38892,938.01,46131,144442126.651064
161,Dhanbad,Stationery,2886914.08510638,Town,142.2,Jharkhand,566.5068226,0.3,0.1,73.6,9.7,3.5,3,350678,38892,938.01,46131,144442126.651064
162,Dhanbad,Toys,2523043.61702128,Town,142.2,Jharkhand,566.5068226,0.3,0.1,73.6,9.7,3.5,3,350678,38892,938.01,46131,144442126.651064
163,Dhanbad,Utensils,3942927.36170213,Town,142.2,Jharkhand,566.5068226,0.3,0.1,73.6,9.7,3.5,3,350678,38892,938.01,46131,144442126.651064
164,Durgapur,Wellness,3115627.47234043,City,143.6,West Bengal,3678.681818,0.2,0.1,57.8,21.7,2.8,4.8,126774,32834,2203.12,70059,241233219.982979
165,Durgapur,Cookware,2768200.43404255,City,143.6,West Bengal,3678.681818,0.2,0.1,57.8,21.7,2.8,4.8,126774,32834,2203.12,70059,241233219.982979
166,Durgapur,Crockery,3946609.08510638,City,143.6,West Bengal,3678.681818,0.2,0.1,57.8,21.7,2.8,4.8,126774,32834,2203.12,70059,241233219.982979
167,Durgapur,Electronics,10117506.2893617,City,143.6,West Bengal,3678.681818,0.2,0.1,57.8,21.7,2.8,4.8,126774,32834,2203.12,70059,241233219.982979
168,Durgapur,Farm Fresh,3740236.85106383,City,143.6,West Bengal,3678.681818,0.2,0.1,57.8,21.7,2.8,4.8,126774,32834,2203.12,70059,241233219.982979
169,Durgapur,Fashion,64111074.6425532,City,143.6,West Bengal,3678.681818,0.2,0.1,57.8,21.7,2.8,4.8,126774,32834,2203.12,70059,241233219.982979
170,Durgapur,Food Services,866470.893617021,City,143.6,West Bengal,3678.681818,0.2,0.1,57.8,21.7,2.8,4.8,126774,32834,2203.12,70059,241233219.982979
171,Durgapur,Shoes,1624682.80425532,City,143.6,West Bengal,3678.681818,0.2,0.1,57.8,21.7,2.8,4.8,126774,32834,2203.12,70059,241233219.982979
172,Durgapur,Home Essentials,1808442.35744681,City,143.6,West Bengal,3678.681818,0.2,0.1,57.8,21.7,2.8,4.8,126774,32834,2203.12,70059,241233219.982979
173,Durgapur,Home Fashion,6847381.6893617,City,143.6,West Bengal,3678.681818,0.2,0.1,57.8,21.7,2.8,4.8,126774,32834,2203.12,70059,241233219.982979
174,Durgapur,Healthcare,38556173.6765957,City,143.6,West Bengal,3678.681818,0.2,0.1,57.8,21.7,2.8,4.8,126774,32834,2203.12,70059,241233219.982979
175,Durgapur,Trolley Bags,6249985.55744681,City,143.6,West Bengal,3678.681818,0.2,0.1,57.8,21.7,2.8,4.8,126774,32834,2203.12,70059,241233219.982979
176,Durgapur,Plastics,6623535.66808511,City,143.6,West Bengal,3678.681818,0.2,0.1,57.8,21.7,2.8,4.8,126774,32834,2203.12,70059,241233219.982979
177,Durgapur,Processed Food,33842807.2978723,City,143.6,West Bengal,3678.681818,0.2,0.1,57.8,21.7,2.8,4.8,126774,32834,2203.12,70059,241233219.982979
178,Durgapur,Sports,719003.863829787,City,143.6,West Bengal,3678.681818,0.2,0.1,57.8,21.7,2.8,4.8,126774,32834,2203.12,70059,241233219.982979
179,Durgapur,Staples,31169506.2170213,City,143.6,West Bengal,3678.681818,0.2,0.1,57.8,21.7,2.8,4.8,126774,32834,2203.12,70059,241233219.982979
180,Durgapur,Stationery,16526110.5914894,City,143.6,West Bengal,3678.681818,0.2,0.1,57.8,21.7,2.8,4.8,126774,32834,2203.12,70059,241233219.982979
181,Durgapur,Toys,2886990.18297872,City,143.6,West Bengal,3678.681818,0.2,0.1,57.8,21.7,2.8,4.8,126774,32834,2203.12,70059,241233219.982979
182,Durgapur,Utensils,5712874.40851064,City,143.6,West Bengal,3678.681818,0.2,0.1,57.8,21.7,2.8,4.8,126774,32834,2203.12,70059,241233219.982979
183,Gangtok,Wellness,38671.0255319149,City,141.2,Sikkim,2865.314286,0.5,0.4,80,25.7,10,8.8,23131,3168,950,176491,89608291.680851
184,Gangtok,Cookware,1496875.09361702,City,141.2,Sikkim,2865.314286,0.5,0.4,80,25.7,10,8.8,23131,3168,950,176491,89608291.680851
185,Gangtok,Crockery,1654521.39148936,City,141.2,Sikkim,2865.314286,0.5,0.4,80,25.7,10,8.8,23131,3168,950,176491,89608291.680851
186,Gangtok,Electronics,3351476.32765957,City,141.2,Sikkim,2865.314286,0.5,0.4,80,25.7,10,8.8,23131,3168,950,176491,89608291.680851
187,Gangtok,Farm Fresh,176237.34893617,City,141.2,Sikkim,2865.314286,0.5,0.4,80,25.7,10,8.8,23131,3168,950,176491,89608291.680851
188,Gangtok,Fashion,26225308.0085106,City,141.2,Sikkim,2865.314286,0.5,0.4,80,25.7,10,8.8,23131,3168,950,176491,89608291.680851
189,Gangtok,Food Services,414048.012765957,City,141.2,Sikkim,2865.314286,0.5,0.4,80,25.7,10,8.8,23131,3168,950,176491,89608291.680851
190,Gangtok,Shoes,1047641.28510638,City,141.2,Sikkim,2865.314286,0.5,0.4,80,25.7,10,8.8,23131,3168,950,176491,89608291.680851
191,Gangtok,Home Essentials,14730.1276595745,City,141.2,Sikkim,2865.314286,0.5,0.4,80,25.7,10,8.8,23131,3168,950,176491,89608291.680851
192,Gangtok,Home Fashion,3713951.46382979,City,141.2,Sikkim,2865.314286,0.5,0.4,80,25.7,10,8.8,23131,3168,950,176491,89608291.680851
193,Gangtok,Healthcare,11576219.2425532,City,141.2,Sikkim,2865.314286,0.5,0.4,80,25.7,10,8.8,23131,3168,950,176491,89608291.680851
194,Gangtok,Trolley Bags,1726479.42553191,City,141.2,Sikkim,2865.314286,0.5,0.4,80,25.7,10,8.8,23131,3168,950,176491,89608291.680851
195,Gangtok,Plastics,4618887.21702128,City,141.2,Sikkim,2865.314286,0.5,0.4,80,25.7,10,8.8,23131,3168,950,176491,89608291.680851
196,Gangtok,Processed Food,12424446.1276596,City,141.2,Sikkim,2865.314286,0.5,0.4,80,25.7,10,8.8,23131,3168,950,176491,89608291.680851
197,Gangtok,Sports,361768.655319149,City,141.2,Sikkim,2865.314286,0.5,0.4,80,25.7,10,8.8,23131,3168,950,176491,89608291.680851
198,Gangtok,Staples,14366667.7489362,City,141.2,Sikkim,2865.314286,0.5,0.4,80,25.7,10,8.8,23131,3168,950,176491,89608291.680851
199,Gangtok,Stationery,1690020.13617021,City,141.2,Sikkim,2865.314286,0.5,0.4,80,25.7,10,8.8,23131,3168,950,176491,89608291.680851
200,Gangtok,Toys,1867244.51914894,City,141.2,Sikkim,2865.314286,0.5,0.4,80,25.7,10,8.8,23131,3168,950,176491,89608291.680851
201,Gangtok,Utensils,2843098.52340425,City,141.2,Sikkim,2865.314286,0.5,0.4,80,25.7,10,8.8,23131,3168,950,176491,89608291.680851
202,Guwahati,Wellness,3304291.48510638,City,142.6,Assam,4452.8,0.2,0.3,69.9,31.3,2,0.9,212807,40940,2058.18,44263,550045645.489362
203,Guwahati,Cookware,7807870.98723404,City,142.6,Assam,4452.8,0.2,0.3,69.9,31.3,2,0.9,212807,40940,2058.18,44263,550045645.489362
204,Guwahati,Crockery,13446955.3659574,City,142.6,Assam,4452.8,0.2,0.3,69.9,31.3,2,0.9,212807,40940,2058.18,44263,550045645.489362
205,Guwahati,Electronics,59370.829787234,City,142.6,Assam,4452.8,0.2,0.3,69.9,31.3,2,0.9,212807,40940,2058.18,44263,550045645.489362
206,Guwahati,Farm Fresh,3162177.86382979,City,142.6,Assam,4452.8,0.2,0.3,69.9,31.3,2,0.9,212807,40940,2058.18,44263,550045645.489362
207,Guwahati,Fashion,208940461.502128,City,142.6,Assam,4452.8,0.2,0.3,69.9,31.3,2,0.9,212807,40940,2058.18,44263,550045645.489362
208,Guwahati,Food Services,7424836.39148936,City,142.6,Assam,4452.8,0.2,0.3,69.9,31.3,2,0.9,212807,40940,2058.18,44263,550045645.489362
209,Guwahati,Shoes,7367212.74468085,City,142.6,Assam,4452.8,0.2,0.3,69.9,31.3,2,0.9,212807,40940,2058.18,44263,550045645.489362
210,Guwahati,Home Essentials,4499185.45957447,City,142.6,Assam,4452.8,0.2,0.3,69.9,31.3,2,0.9,212807,40940,2058.18,44263,550045645.489362
211,Guwahati,Home Fashion,20318968.3276596,City,142.6,Assam,4452.8,0.2,0.3,69.9,31.3,2,0.9,212807,40940,2058.18,44263,550045645.489362
212,Guwahati,Healthcare,75925665.5446809,City,142.6,Assam,4452.8,0.2,0.3,69.9,31.3,2,0.9,212807,40940,2058.18,44263,550045645.489362
213,Guwahati,Trolley Bags,14246331.6893617,City,142.6,Assam,4452.8,0.2,0.3,69.9,31.3,2,0.9,212807,40940,2058.18,44263,550045645.489362
214,Guwahati,Plastics,23248876.6127659,City,142.6,Assam,4452.8,0.2,0.3,69.9,31.3,2,0.9,212807,40940,2058.18,44263,550045645.489362
215,Guwahati,Processed Food,64643191.106383,City,142.6,Assam,4452.8,0.2,0.3,69.9,31.3,2,0.9,212807,40940,2058.18,44263,550045645.489362
216,Guwahati,Sports,1450439.7106383,City,142.6,Assam,4452.8,0.2,0.3,69.9,31.3,2,0.9,212807,40940,2058.18,44263,550045645.489362
217,Guwahati,Staples,59868878.8765958,City,142.6,Assam,4452.8,0.2,0.3,69.9,31.3,2,0.9,212807,40940,2058.18,44263,550045645.489362
218,Guwahati,Stationery,10372216.4425532,City,142.6,Assam,4452.8,0.2,0.3,69.9,31.3,2,0.9,212807,40940,2058.18,44263,550045645.489362
219,Guwahati,Toys,8145155.56595745,City,142.6,Assam,4452.8,0.2,0.3,69.9,31.3,2,0.9,212807,40940,2058.18,44263,550045645.489362
220,Guwahati,Utensils,15813558.9829787,City,142.6,Assam,4452.8,0.2,0.3,69.9,31.3,2,0.9,212807,40940,2058.18,44263,550045645.489362
221,Jamshedpur,Wellness,725622.587234042,Town,142.2,Jharkhand,3020.880383,0.9,0.4,81.5,28.8,11.2,13.4,168259,33879,938.01,46131,127765930.982979
222,Jamshedpur,Cookware,2188493.70212766,Town,142.2,Jharkhand,3020.880383,0.9,0.4,81.5,28.8,11.2,13.4,168259,33879,938.01,46131,127765930.982979
223,Jamshedpur,Crockery,2711108.3787234,Town,142.2,Jharkhand,3020.880383,0.9,0.4,81.5,28.8,11.2,13.4,168259,33879,938.01,46131,127765930.982979
224,Jamshedpur,Electronics,5338463.45531915,Town,142.2,Jharkhand,3020.880383,0.9,0.4,81.5,28.8,11.2,13.4,168259,33879,938.01,46131,127765930.982979
225,Jamshedpur,Farm Fresh,211730.582978723,Town,142.2,Jharkhand,3020.880383,0.9,0.4,81.5,28.8,11.2,13.4,168259,33879,938.01,46131,127765930.982979
226,Jamshedpur,Fashion,29375996.6595745,Town,142.2,Jharkhand,3020.880383,0.9,0.4,81.5,28.8,11.2,13.4,168259,33879,938.01,46131,127765930.982979
227,Jamshedpur,Food Services,1915957.36595745,Town,142.2,Jharkhand,3020.880383,0.9,0.4,81.5,28.8,11.2,13.4,168259,33879,938.01,46131,127765930.982979
228,Jamshedpur,Shoes,1096925.62978723,Town,142.2,Jharkhand,3020.880383,0.9,0.4,81.5,28.8,11.2,13.4,168259,33879,938.01,46131,127765930.982979
229,Jamshedpur,Home Essentials,309615.987234043,Town,142.2,Jharkhand,3020.880383,0.9,0.4,81.5,28.8,11.2,13.4,168259,33879,938.01,46131,127765930.982979
230,Jamshedpur,Home Fashion,5621901.88510638,Town,142.2,Jharkhand,3020.880383,0.9,0.4,81.5,28.8,11.2,13.4,168259,33879,938.01,46131,127765930.982979
231,Jamshedpur,Healthcare,22717806.9829787,Town,142.2,Jharkhand,3020.880383,0.9,0.4,81.5,28.8,11.2,13.4,168259,33879,938.01,46131,127765930.982979
232,Jamshedpur,Trolley Bags,5335605.66382979,Town,142.2,Jharkhand,3020.880383,0.9,0.4,81.5,28.8,11.2,13.4,168259,33879,938.01,46131,127765930.982979
233,Jamshedpur,Plastics,4847736.32765958,Town,142.2,Jharkhand,3020.880383,0.9,0.4,81.5,28.8,11.2,13.4,168259,33879,938.01,46131,127765930.982979
234,Jamshedpur,Processed Food,19273826.2510638,Town,142.2,Jharkhand,3020.880383,0.9,0.4,81.5,28.8,11.2,13.4,168259,33879,938.01,46131,127765930.982979
235,Jamshedpur,Sports,495011.863829787,Town,142.2,Jharkhand,3020.880383,0.9,0.4,81.5,28.8,11.2,13.4,168259,33879,938.01,46131,127765930.982979
236,Jamshedpur,Staples,17547023.0085106,Town,142.2,Jharkhand,3020.880383,0.9,0.4,81.5,28.8,11.2,13.4,168259,33879,938.01,46131,127765930.982979
237,Jamshedpur,Stationery,2794643.18723404,Town,142.2,Jharkhand,3020.880383,0.9,0.4,81.5,28.8,11.2,13.4,168259,33879,938.01,46131,127765930.982979
238,Jamshedpur,Toys,1834935.79574468,Town,142.2,Jharkhand,3020.880383,0.9,0.4,81.5,28.8,11.2,13.4,168259,33879,938.01,46131,127765930.982979
239,Jamshedpur,Utensils,3423525.66808511,Town,142.2,Jharkhand,3020.880383,0.9,0.4,81.5,28.8,11.2,13.4,168259,33879,938.01,46131,127765930.982979
240,Jorhat,Wellness,558708.680851064,Town,142.6,Assam,121255,0.1,0.5,78.4,21.8,7,6.2,29096,6577,983.53,44263,133477542.825532
241,Jorhat,Cookware,1797355.61702128,Town,142.6,Assam,121255,0.1,0.5,78.4,21.8,7,6.2,29096,6577,983.53,44263,133477542.825532
242,Jorhat,Crockery,2865396.24255319,Town,142.6,Assam,121255,0.1,0.5,78.4,21.8,7,6.2,29096,6577,983.53,44263,133477542.825532
243,Jorhat,Electronics,3337847.45957447,Town,142.6,Assam,121255,0.1,0.5,78.4,21.8,7,6.2,29096,6577,983.53,44263,133477542.825532
244,Jorhat,Farm Fresh,704030.672340425,Town,142.6,Assam,121255,0.1,0.5,78.4,21.8,7,6.2,29096,6577,983.53,44263,133477542.825532
245,Jorhat,Fashion,47338342.4170212,Town,142.6,Assam,121255,0.1,0.5,78.4,21.8,7,6.2,29096,6577,983.53,44263,133477542.825532
246,Jorhat,Food Services,62367.6936170213,Town,142.6,Assam,121255,0.1,0.5,78.4,21.8,7,6.2,29096,6577,983.53,44263,133477542.825532
247,Jorhat,Shoes,823392.297872341,Town,142.6,Assam,121255,0.1,0.5,78.4,21.8,7,6.2,29096,6577,983.53,44263,133477542.825532
248,Jorhat,Home Essentials,14990.170212766,Town,142.6,Assam,121255,0.1,0.5,78.4,21.8,7,6.2,29096,6577,983.53,44263,133477542.825532
249,Jorhat,Home Fashion,4920629.85531915,Town,142.6,Assam,121255,0.1,0.5,78.4,21.8,7,6.2,29096,6577,983.53,44263,133477542.825532
250,Jorhat,Healthcare,17875257.8553192,Town,142.6,Assam,121255,0.1,0.5,78.4,21.8,7,6.2,29096,6577,983.53,44263,133477542.825532
251,Jorhat,Trolley Bags,3660631.39574468,Town,142.6,Assam,121255,0.1,0.5,78.4,21.8,7,6.2,29096,6577,983.53,44263,133477542.825532
252,Jorhat,Plastics,6474161.05106383,Town,142.6,Assam,121255,0.1,0.5,78.4,21.8,7,6.2,29096,6577,983.53,44263,133477542.825532
253,Jorhat,Processed Food,19103691.987234,Town,142.6,Assam,121255,0.1,0.5,78.4,21.8,7,6.2,29096,6577,983.53,44263,133477542.825532
254,Jorhat,Sports,434661.591489362,Town,142.6,Assam,121255,0.1,0.5,78.4,21.8,7,6.2,29096,6577,983.53,44263,133477542.825532
255,Jorhat,Staples,15115969.4851064,Town,142.6,Assam,121255,0.1,0.5,78.4,21.8,7,6.2,29096,6577,983.53,44263,133477542.825532
256,Jorhat,Stationery,1728662.54468085,Town,142.6,Assam,121255,0.1,0.5,78.4,21.8,7,6.2,29096,6577,983.53,44263,133477542.825532
257,Jorhat,Toys,2518931.3787234,Town,142.6,Assam,121255,0.1,0.5,78.4,21.8,7,6.2,29096,6577,983.53,44263,133477542.825532
258,Jorhat,Utensils,4142514.42978724,Town,142.6,Assam,121255,0.1,0.5,78.4,21.8,7,6.2,29096,6577,983.53,44263,133477542.825532
259,Kharagpur,Wellness,1486728.7787234,Town,143.6,West Bengal,1634.677165,1.1,0.8,72.5,14.9,2.8,4,43719,13978,1079.25,70059,179707402.251064
260,Kharagpur,Cookware,2509206.95744681,Town,143.6,West Bengal,1634.677165,1.1,0.8,72.5,14.9,2.8,4,43719,13978,1079.25,70059,179707402.251064
261,Kharagpur,Crockery,2233472.18723404,Town,143.6,West Bengal,1634.677165,1.1,0.8,72.5,14.9,2.8,4,43719,13978,1079.25,70059,179707402.251064
262,Kharagpur,Electronics,6991580.08510638,Town,143.6,West Bengal,1634.677165,1.1,0.8,72.5,14.9,2.8,4,43719,13978,1079.25,70059,179707402.251064
263,Kharagpur,Farm Fresh,1523359.75744681,Town,143.6,West Bengal,1634.677165,1.1,0.8,72.5,14.9,2.8,4,43719,13978,1079.25,70059,179707402.251064
264,Kharagpur,Fashion,43997460.0851064,Town,143.6,West Bengal,1634.677165,1.1,0.8,72.5,14.9,2.8,4,43719,13978,1079.25,70059,179707402.251064
265,Kharagpur,Food Services,6155794.83829787,Town,143.6,West Bengal,1634.677165,1.1,0.8,72.5,14.9,2.8,4,43719,13978,1079.25,70059,179707402.251064
266,Kharagpur,Shoes,1243483.3787234,Town,143.6,West Bengal,1634.677165,1.1,0.8,72.5,14.9,2.8,4,43719,13978,1079.25,70059,179707402.251064
267,Kharagpur,Home Essentials,1362975.44255319,Town,143.6,West Bengal,1634.677165,1.1,0.8,72.5,14.9,2.8,4,43719,13978,1079.25,70059,179707402.251064
268,Kharagpur,Home Fashion,3587086.01702128,Town,143.6,West Bengal,1634.677165,1.1,0.8,72.5,14.9,2.8,4,43719,13978,1079.25,70059,179707402.251064
269,Kharagpur,Healthcare,21848335.8765957,Town,143.6,West Bengal,1634.677165,1.1,0.8,72.5,14.9,2.8,4,43719,13978,1079.25,70059,179707402.251064
270,Kharagpur,Trolley Bags,4281189.13191489,Town,143.6,West Bengal,1634.677165,1.1,0.8,72.5,14.9,2.8,4,43719,13978,1079.25,70059,179707402.251064
271,Kharagpur,Plastics,4223666.60425532,Town,143.6,West Bengal,1634.677165,1.1,0.8,72.5,14.9,2.8,4,43719,13978,1079.25,70059,179707402.251064
272,Kharagpur,Processed Food,23901341.787234,Town,143.6,West Bengal,1634.677165,1.1,0.8,72.5,14.9,2.8,4,43719,13978,1079.25,70059,179707402.251064
273,Kharagpur,Sports,327020.357446808,Town,143.6,West Bengal,1634.677165,1.1,0.8,72.5,14.9,2.8,4,43719,13978,1079.25,70059,179707402.251064
274,Kharagpur,Staples,18524616.8,Town,143.6,West Bengal,1634.677165,1.1,0.8,72.5,14.9,2.8,4,43719,13978,1079.25,70059,179707402.251064
275,Kharagpur,Stationery,29745709.3914894,Town,143.6,West Bengal,1634.677165,1.1,0.8,72.5,14.9,2.8,4,43719,13978,1079.25,70059,179707402.251064
276,Kharagpur,Toys,1901587.17446808,Town,143.6,West Bengal,1634.677165,1.1,0.8,72.5,14.9,2.8,4,43719,13978,1079.25,70059,179707402.251064
277,Kharagpur,Utensils,3862787.6,Town,143.6,West Bengal,1634.677165,1.1,0.8,72.5,14.9,2.8,4,43719,13978,1079.25,70059,179707402.251064
278,Kolkata,Wellness,47474466.4393617,City,143.6,West Bengal,24306.45405,0.8,0.5,83.8,47.5,14.2,17.5,848230,346996,2203.12,70059,5730797279.75128
279,Kolkata,Cookware,61006916.4878724,City,143.6,West Bengal,24306.45405,0.8,0.5,83.8,47.5,14.2,17.5,848230,346996,2203.12,70059,5730797279.75128
280,Kolkata,Crockery,83942349.2799999,City,143.6,West Bengal,24306.45405,0.8,0.5,83.8,47.5,14.2,17.5,848230,346996,2203.12,70059,5730797279.75128
281,Kolkata,Electronics,135168694.49617,City,143.6,West Bengal,24306.45405,0.8,0.5,83.8,47.5,14.2,17.5,848230,346996,2203.12,70059,5730797279.75128
282,Kolkata,Farm Fresh,45414601.05,City,143.6,West Bengal,24306.45405,0.8,0.5,83.8,47.5,14.2,17.5,848230,346996,2203.12,70059,5730797279.75128
283,Kolkata,Fashion,2000588008.24043,City,143.6,West Bengal,24306.45405,0.8,0.5,83.8,47.5,14.2,17.5,848230,346996,2203.12,70059,5730797279.75128
284,Kolkata,Food Services,42565294.3376596,City,143.6,West Bengal,24306.45405,0.8,0.5,83.8,47.5,14.2,17.5,848230,346996,2203.12,70059,5730797279.75128
285,Kolkata,Shoes,39653509.997234,City,143.6,West Bengal,24306.45405,0.8,0.5,83.8,47.5,14.2,17.5,848230,346996,2203.12,70059,5730797279.75128
286,Kolkata,Home Essentials,13139154.8793617,City,143.6,West Bengal,24306.45405,0.8,0.5,83.8,47.5,14.2,17.5,848230,346996,2203.12,70059,5730797279.75128
287,Kolkata,Home Fashion,154149426.681915,City,143.6,West Bengal,24306.45405,0.8,0.5,83.8,47.5,14.2,17.5,848230,346996,2203.12,70059,5730797279.75128
288,Kolkata,Healthcare,859816642.36383,City,143.6,West Bengal,24306.45405,0.8,0.5,83.8,47.5,14.2,17.5,848230,346996,2203.12,70059,5730797279.75128
289,Kolkata,Trolley Bags,123524541.645745,City,143.6,West Bengal,24306.45405,0.8,0.5,83.8,47.5,14.2,17.5,848230,346996,2203.12,70059,5730797279.75128
290,Kolkata,Plastics,148309704.764681,City,143.6,West Bengal,24306.45405,0.8,0.5,83.8,47.5,14.2,17.5,848230,346996,2203.12,70059,5730797279.75128
291,Kolkata,Processed Food,958744968.042978,City,143.6,West Bengal,24306.45405,0.8,0.5,83.8,47.5,14.2,17.5,848230,346996,2203.12,70059,5730797279.75128
292,Kolkata,Sports,9617598.97106383,City,143.6,West Bengal,24306.45405,0.8,0.5,83.8,47.5,14.2,17.5,848230,346996,2203.12,70059,5730797279.75128
293,Kolkata,Staples,702099029.160212,City,143.6,West Bengal,24306.45405,0.8,0.5,83.8,47.5,14.2,17.5,848230,346996,2203.12,70059,5730797279.75128
294,Kolkata,Stationery,125357324.688085,City,143.6,West Bengal,24306.45405,0.8,0.5,83.8,47.5,14.2,17.5,848230,346996,2203.12,70059,5730797279.75128
295,Kolkata,Toys,58271187.6702128,City,143.6,West Bengal,24306.45405,0.8,0.5,83.8,47.5,14.2,17.5,848230,346996,2203.12,70059,5730797279.75128
296,Kolkata,Utensils,121953860.554468,City,143.6,West Bengal,24306.45405,0.8,0.5,83.8,47.5,14.2,17.5,848230,346996,2203.12,70059,5730797279.75128
297,Nagpur,Wellness,6972922.79,City,138.5,Maharashtra,11055.44577,0.9,0.5,73,32.9,8.2,10.5,561605,139818,2441.07,117091,1490285138.17
298,Nagpur,Cookware,20557121.79,City,138.5,Maharashtra,11055.44577,0.9,0.5,73,32.9,8.2,10.5,561605,139818,2441.07,117091,1490285138.17
299,Nagpur,Crockery,22719115.27,City,138.5,Maharashtra,11055.44577,0.9,0.5,73,32.9,8.2,10.5,561605,139818,2441.07,117091,1490285138.17
300,Nagpur,Electronics,22404343.47,City,138.5,Maharashtra,11055.44577,0.9,0.5,73,32.9,8.2,10.5,561605,139818,2441.07,117091,1490285138.17
301,Nagpur,Farm Fresh,9252046.89999999,City,138.5,Maharashtra,11055.44577,0.9,0.5,73,32.9,8.2,10.5,561605,139818,2441.07,117091,1490285138.17
302,Nagpur,Fashion,420143072.36,City,138.5,Maharashtra,11055.44577,0.9,0.5,73,32.9,8.2,10.5,561605,139818,2441.07,117091,1490285138.17
303,Nagpur,Food Services,22378396.95,City,138.5,Maharashtra,11055.44577,0.9,0.5,73,32.9,8.2,10.5,561605,139818,2441.07,117091,1490285138.17
304,Nagpur,Shoes,20026664.14,City,138.5,Maharashtra,11055.44577,0.9,0.5,73,32.9,8.2,10.5,561605,139818,2441.07,117091,1490285138.17
305,Nagpur,Home Essentials,4414673,City,138.5,Maharashtra,11055.44577,0.9,0.5,73,32.9,8.2,10.5,561605,139818,2441.07,117091,1490285138.17
306,Nagpur,Home Fashion,43768068.84,City,138.5,Maharashtra,11055.44577,0.9,0.5,73,32.9,8.2,10.5,561605,139818,2441.07,117091,1490285138.17
307,Nagpur,Healthcare,274078851.26,City,138.5,Maharashtra,11055.44577,0.9,0.5,73,32.9,8.2,10.5,561605,139818,2441.07,117091,1490285138.17
308,Nagpur,Trolley Bags,43601559.47,City,138.5,Maharashtra,11055.44577,0.9,0.5,73,32.9,8.2,10.5,561605,139818,2441.07,117091,1490285138.17
309,Nagpur,Plastics,50676361.82,City,138.5,Maharashtra,11055.44577,0.9,0.5,73,32.9,8.2,10.5,561605,139818,2441.07,117091,1490285138.17
310,Nagpur,Processed Food,192819255.86,City,138.5,Maharashtra,11055.44577,0.9,0.5,73,32.9,8.2,10.5,561605,139818,2441.07,117091,1490285138.17
311,Nagpur,Sports,4372657.37,City,138.5,Maharashtra,11055.44577,0.9,0.5,73,32.9,8.2,10.5,561605,139818,2441.07,117091,1490285138.17
312,Nagpur,Staples,220452245.06,City,138.5,Maharashtra,11055.44577,0.9,0.5,73,32.9,8.2,10.5,561605,139818,2441.07,117091,1490285138.17
313,Nagpur,Stationery,60878118.5900001,City,138.5,Maharashtra,11055.44577,0.9,0.5,73,32.9,8.2,10.5,561605,139818,2441.07,117091,1490285138.17
314,Nagpur,Toys,19409442.4,City,138.5,Maharashtra,11055.44577,0.9,0.5,73,32.9,8.2,10.5,561605,139818,2441.07,117091,1490285138.17
315,Nagpur,Utensils,31360220.83,City,138.5,Maharashtra,11055.44577,0.9,0.5,73,32.9,8.2,10.5,561605,139818,2441.07,117091,1490285138.17
316,Patna,Wellness,10479370.75,City,144,Bihar,5653.648875,0.7,0.3,76.4,28.1,8.7,5.8,487891,79543,1444.88,31199,1379989939.74
317,Patna,Cookware,17121861.25,City,144,Bihar,5653.648875,0.7,0.3,76.4,28.1,8.7,5.8,487891,79543,1444.88,31199,1379989939.74
318,Patna,Crockery,27479224.55,City,144,Bihar,5653.648875,0.7,0.3,76.4,28.1,8.7,5.8,487891,79543,1444.88,31199,1379989939.74
319,Patna,Electronics,41502433.9,City,144,Bihar,5653.648875,0.7,0.3,76.4,28.1,8.7,5.8,487891,79543,1444.88,31199,1379989939.74
320,Patna,Farm Fresh,7849915.56,City,144,Bihar,5653.648875,0.7,0.3,76.4,28.1,8.7,5.8,487891,79543,1444.88,31199,1379989939.74
321,Patna,Fashion,432310550.39,City,144,Bihar,5653.648875,0.7,0.3,76.4,28.1,8.7,5.8,487891,79543,1444.88,31199,1379989939.74
322,Patna,Food Services,9683903.87,City,144,Bihar,5653.648875,0.7,0.3,76.4,28.1,8.7,5.8,487891,79543,1444.88,31199,1379989939.74
323,Patna,Shoes,14913642.85,City,144,Bihar,5653.648875,0.7,0.3,76.4,28.1,8.7,5.8,487891,79543,1444.88,31199,1379989939.74
324,Patna,Home Essentials,48692.8,City,144,Bihar,5653.648875,0.7,0.3,76.4,28.1,8.7,5.8,487891,79543,1444.88,31199,1379989939.74
325,Patna,Home Fashion,53580834.25,City,144,Bihar,5653.648875,0.7,0.3,76.4,28.1,8.7,5.8,487891,79543,1444.88,31199,1379989939.74
326,Patna,Healthcare,234300936.21,City,144,Bihar,5653.648875,0.7,0.3,76.4,28.1,8.7,5.8,487891,79543,1444.88,31199,1379989939.74
327,Patna,Trolley Bags,40043357.93,City,144,Bihar,5653.648875,0.7,0.3,76.4,28.1,8.7,5.8,487891,79543,1444.88,31199,1379989939.74
328,Patna,Plastics,49441503.82,City,144,Bihar,5653.648875,0.7,0.3,76.4,28.1,8.7,5.8,487891,79543,1444.88,31199,1379989939.74
329,Patna,Processed Food,189814253.63,City,144,Bihar,5653.648875,0.7,0.3,76.4,28.1,8.7,5.8,487891,79543,1444.88,31199,1379989939.74
330,Patna,Sports,4249439.27,City,144,Bihar,5653.648875,0.7,0.3,76.4,28.1,8.7,5.8,487891,79543,1444.88,31199,1379989939.74
331,Patna,Staples,179825132.26,City,144,Bihar,5653.648875,0.7,0.3,76.4,28.1,8.7,5.8,487891,79543,1444.88,31199,1379989939.74
332,Patna,Stationery,18595491.3,City,144,Bihar,5653.648875,0.7,0.3,76.4,28.1,8.7,5.8,487891,79543,1444.88,31199,1379989939.74
333,Patna,Toys,19304017.04,City,144,Bihar,5653.648875,0.7,0.3,76.4,28.1,8.7,5.8,487891,79543,1444.88,31199,1379989939.74
334,Patna,Utensils,29445378.11,City,144,Bihar,5653.648875,0.7,0.3,76.4,28.1,8.7,5.8,487891,79543,1444.88,31199,1379989939.74
335,Raipur,Wellness,1453934.27,City,141.6,Chhatisgarh,4470.942478,1.7,0.4,52.5,21.2,6.2,7.1,283849,39598,1682.84,58547,376383760.87
336,Raipur,Cookware,4304977.6,City,141.6,Chhatisgarh,4470.942478,1.7,0.4,52.5,21.2,6.2,7.1,283849,39598,1682.84,58547,376383760.87
337,Raipur,Crockery,5230821.74,City,141.6,Chhatisgarh,4470.942478,1.7,0.4,52.5,21.2,6.2,7.1,283849,39598,1682.84,58547,376383760.87
338,Raipur,Electronics,4133098.89,City,141.6,Chhatisgarh,4470.942478,1.7,0.4,52.5,21.2,6.2,7.1,283849,39598,1682.84,58547,376383760.87
339,Raipur,Farm Fresh,1964198.13,City,141.6,Chhatisgarh,4470.942478,1.7,0.4,52.5,21.2,6.2,7.1,283849,39598,1682.84,58547,376383760.87
340,Raipur,Fashion,127443301.99,City,141.6,Chhatisgarh,4470.942478,1.7,0.4,52.5,21.2,6.2,7.1,283849,39598,1682.84,58547,376383760.87
341,Raipur,Food Services,6896740.1,City,141.6,Chhatisgarh,4470.942478,1.7,0.4,52.5,21.2,6.2,7.1,283849,39598,1682.84,58547,376383760.87
342,Raipur,Shoes,8016501.4,City,141.6,Chhatisgarh,4470.942478,1.7,0.4,52.5,21.2,6.2,7.1,283849,39598,1682.84,58547,376383760.87
343,Raipur,Home Essentials,748274.83,City,141.6,Chhatisgarh,4470.942478,1.7,0.4,52.5,21.2,6.2,7.1,283849,39598,1682.84,58547,376383760.87
344,Raipur,Home Fashion,13826243.45,City,141.6,Chhatisgarh,4470.942478,1.7,0.4,52.5,21.2,6.2,7.1,283849,39598,1682.84,58547,376383760.87
345,Raipur,Healthcare,65966056.83,City,141.6,Chhatisgarh,4470.942478,1.7,0.4,52.5,21.2,6.2,7.1,283849,39598,1682.84,58547,376383760.87
346,Raipur,Trolley Bags,14506344.3,City,141.6,Chhatisgarh,4470.942478,1.7,0.4,52.5,21.2,6.2,7.1,283849,39598,1682.84,58547,376383760.87
347,Raipur,Plastics,12540858.15,City,141.6,Chhatisgarh,4470.942478,1.7,0.4,52.5,21.2,6.2,7.1,283849,39598,1682.84,58547,376383760.87
348,Raipur,Processed Food,46926646.66,City,141.6,Chhatisgarh,4470.942478,1.7,0.4,52.5,21.2,6.2,7.1,283849,39598,1682.84,58547,376383760.87
349,Raipur,Sports,1137986.86,City,141.6,Chhatisgarh,4470.942478,1.7,0.4,52.5,21.2,6.2,7.1,283849,39598,1682.84,58547,376383760.87
350,Raipur,Staples,35942257.84,City,141.6,Chhatisgarh,4470.942478,1.7,0.4,52.5,21.2,6.2,7.1,283849,39598,1682.84,58547,376383760.87
351,Raipur,Stationery,12777238.46,City,141.6,Chhatisgarh,4470.942478,1.7,0.4,52.5,21.2,6.2,7.1,283849,39598,1682.84,58547,376383760.87
352,Raipur,Toys,4729141.81,City,141.6,Chhatisgarh,4470.942478,1.7,0.4,52.5,21.2,6.2,7.1,283849,39598,1682.84,58547,376383760.87
353,Raipur,Utensils,7839137.56,City,141.6,Chhatisgarh,4470.942478,1.7,0.4,52.5,21.2,6.2,7.1,283849,39598,1682.84,58547,376383760.87
354,Ranchi,Wellness,3777661.51,City,142.2,Jharkhand,6133.868571,0.7,0.2,78.7,29,8.9,7.7,290906,45548,1444.88,46131,723033368.36
355,Ranchi,Cookware,9340577.99,City,142.2,Jharkhand,6133.868571,0.7,0.2,78.7,29,8.9,7.7,290906,45548,1444.88,46131,723033368.36
356,Ranchi,Crockery,16479915.03,City,142.2,Jharkhand,6133.868571,0.7,0.2,78.7,29,8.9,7.7,290906,45548,1444.88,46131,723033368.36
357,Ranchi,Electronics,-62221.22,City,142.2,Jharkhand,6133.868571,0.7,0.2,78.7,29,8.9,7.7,290906,45548,1444.88,46131,723033368.36
358,Ranchi,Farm Fresh,5342120.97,City,142.2,Jharkhand,6133.868571,0.7,0.2,78.7,29,8.9,7.7,290906,45548,1444.88,46131,723033368.36
359,Ranchi,Fashion,248896490.76,City,142.2,Jharkhand,6133.868571,0.7,0.2,78.7,29,8.9,7.7,290906,45548,1444.88,46131,723033368.36
360,Ranchi,Food Services,4477297.34,City,142.2,Jharkhand,6133.868571,0.7,0.2,78.7,29,8.9,7.7,290906,45548,1444.88,46131,723033368.36
361,Ranchi,Shoes,7605499.17,City,142.2,Jharkhand,6133.868571,0.7,0.2,78.7,29,8.9,7.7,290906,45548,1444.88,46131,723033368.36
362,Ranchi,Home Essentials,1282931.41,City,142.2,Jharkhand,6133.868571,0.7,0.2,78.7,29,8.9,7.7,290906,45548,1444.88,46131,723033368.36
363,Ranchi,Home Fashion,24632360.85,City,142.2,Jharkhand,6133.868571,0.7,0.2,78.7,29,8.9,7.7,290906,45548,1444.88,46131,723033368.36
364,Ranchi,Healthcare,111957733.19,City,142.2,Jharkhand,6133.868571,0.7,0.2,78.7,29,8.9,7.7,290906,45548,1444.88,46131,723033368.36
365,Ranchi,Trolley Bags,29676426.4,City,142.2,Jharkhand,6133.868571,0.7,0.2,78.7,29,8.9,7.7,290906,45548,1444.88,46131,723033368.36
366,Ranchi,Plastics,28212395.83,City,142.2,Jharkhand,6133.868571,0.7,0.2,78.7,29,8.9,7.7,290906,45548,1444.88,46131,723033368.36
367,Ranchi,Processed Food,92150236.74,City,142.2,Jharkhand,6133.868571,0.7,0.2,78.7,29,8.9,7.7,290906,45548,1444.88,46131,723033368.36
368,Ranchi,Sports,1954416.23,City,142.2,Jharkhand,6133.868571,0.7,0.2,78.7,29,8.9,7.7,290906,45548,1444.88,46131,723033368.36
369,Ranchi,Staples,82653813.79,City,142.2,Jharkhand,6133.868571,0.7,0.2,78.7,29,8.9,7.7,290906,45548,1444.88,46131,723033368.36
370,Ranchi,Stationery,28672099.17,City,142.2,Jharkhand,6133.868571,0.7,0.2,78.7,29,8.9,7.7,290906,45548,1444.88,46131,723033368.36
371,Ranchi,Toys,9494025.13,City,142.2,Jharkhand,6133.868571,0.7,0.2,78.7,29,8.9,7.7,290906,45548,1444.88,46131,723033368.36
372,Ranchi,Utensils,16489588.07,City,142.2,Jharkhand,6133.868571,0.7,0.2,78.7,29,8.9,7.7,290906,45548,1444.88,46131,723033368.36
373,Sambalpur,Wellness,914083.68,Town,144.5,Orissa,274.6268657,0.6,0.2,69.6,9.1,6.5,9.2,46247,9215,789.26,52559,304827535.85
374,Sambalpur,Cookware,5586852.46,Town,144.5,Orissa,274.6268657,0.6,0.2,69.6,9.1,6.5,9.2,46247,9215,789.26,52559,304827535.85
375,Sambalpur,Crockery,5498122.67,Town,144.5,Orissa,274.6268657,0.6,0.2,69.6,9.1,6.5,9.2,46247,9215,789.26,52559,304827535.85
376,Sambalpur,Electronics,9442586.52,Town,144.5,Orissa,274.6268657,0.6,0.2,69.6,9.1,6.5,9.2,46247,9215,789.26,52559,304827535.85
377,Sambalpur,Farm Fresh,7288194.42,Town,144.5,Orissa,274.6268657,0.6,0.2,69.6,9.1,6.5,9.2,46247,9215,789.26,52559,304827535.85
378,Sambalpur,Fashion,80520402.06,Town,144.5,Orissa,274.6268657,0.6,0.2,69.6,9.1,6.5,9.2,46247,9215,789.26,52559,304827535.85
379,Sambalpur,Food Services,211095.17,Town,144.5,Orissa,274.6268657,0.6,0.2,69.6,9.1,6.5,9.2,46247,9215,789.26,52559,304827535.85
380,Sambalpur,Shoes,587432.02,Town,144.5,Orissa,274.6268657,0.6,0.2,69.6,9.1,6.5,9.2,46247,9215,789.26,52559,304827535.85
381,Sambalpur,Home Essentials,409,Town,144.5,Orissa,274.6268657,0.6,0.2,69.6,9.1,6.5,9.2,46247,9215,789.26,52559,304827535.85
382,Sambalpur,Home Fashion,12004514.31,Town,144.5,Orissa,274.6268657,0.6,0.2,69.6,9.1,6.5,9.2,46247,9215,789.26,52559,304827535.85
383,Sambalpur,Healthcare,56020341.41,Town,144.5,Orissa,274.6268657,0.6,0.2,69.6,9.1,6.5,9.2,46247,9215,789.26,52559,304827535.85
384,Sambalpur,Trolley Bags,8163995.71,Town,144.5,Orissa,274.6268657,0.6,0.2,69.6,9.1,6.5,9.2,46247,9215,789.26,52559,304827535.85
385,Sambalpur,Plastics,13616891.9,Town,144.5,Orissa,274.6268657,0.6,0.2,69.6,9.1,6.5,9.2,46247,9215,789.26,52559,304827535.85
386,Sambalpur,Processed Food,52996907.49,Town,144.5,Orissa,274.6268657,0.6,0.2,69.6,9.1,6.5,9.2,46247,9215,789.26,52559,304827535.85
387,Sambalpur,Sports,1230373.31,Town,144.5,Orissa,274.6268657,0.6,0.2,69.6,9.1,6.5,9.2,46247,9215,789.26,52559,304827535.85
388,Sambalpur,Staples,34802523.86,Town,144.5,Orissa,274.6268657,0.6,0.2,69.6,9.1,6.5,9.2,46247,9215,789.26,52559,304827535.85
389,Sambalpur,Stationery,1704049.79,Town,144.5,Orissa,274.6268657,0.6,0.2,69.6,9.1,6.5,9.2,46247,9215,789.26,52559,304827535.85
390,Sambalpur,Toys,4899006.35,Town,144.5,Orissa,274.6268657,0.6,0.2,69.6,9.1,6.5,9.2,46247,9215,789.26,52559,304827535.85
391,Sambalpur,Utensils,9339753.72,Town,144.5,Orissa,274.6268657,0.6,0.2,69.6,9.1,6.5,9.2,46247,9215,789.26,52559,304827535.85
392,Silchar,Wellness,799186.36,Town,142.6,Assam,503.877551,2.6,1,66.8,15.7,5.7,8.3,40355,10625,983.53,44263,149078722.29
393,Silchar,Cookware,2376502.84,Town,142.6,Assam,503.877551,2.6,1,66.8,15.7,5.7,8.3,40355,10625,983.53,44263,149078722.29
394,Silchar,Crockery,3387855,Town,142.6,Assam,503.877551,2.6,1,66.8,15.7,5.7,8.3,40355,10625,983.53,44263,149078722.29
395,Silchar,Electronics,5433230.03,Town,142.6,Assam,503.877551,2.6,1,66.8,15.7,5.7,8.3,40355,10625,983.53,44263,149078722.29
396,Silchar,Farm Fresh,23787.57,Town,142.6,Assam,503.877551,2.6,1,66.8,15.7,5.7,8.3,40355,10625,983.53,44263,149078722.29
397,Silchar,Fashion,49436721.78,Town,142.6,Assam,503.877551,2.6,1,66.8,15.7,5.7,8.3,40355,10625,983.53,44263,149078722.29
398,Silchar,Food Services,1060,Town,142.6,Assam,503.877551,2.6,1,66.8,15.7,5.7,8.3,40355,10625,983.53,44263,149078722.29
399,Silchar,Shoes,393438.56,Town,142.6,Assam,503.877551,2.6,1,66.8,15.7,5.7,8.3,40355,10625,983.53,44263,149078722.29
400,Silchar,Home Essentials,0,Town,142.6,Assam,503.877551,2.6,1,66.8,15.7,5.7,8.3,40355,10625,983.53,44263,149078722.29
401,Silchar,Home Fashion,5946052.57,Town,142.6,Assam,503.877551,2.6,1,66.8,15.7,5.7,8.3,40355,10625,983.53,44263,149078722.29
402,Silchar,Healthcare,18954391.88,Town,142.6,Assam,503.877551,2.6,1,66.8,15.7,5.7,8.3,40355,10625,983.53,44263,149078722.29
403,Silchar,Trolley Bags,4372821.86,Town,142.6,Assam,503.877551,2.6,1,66.8,15.7,5.7,8.3,40355,10625,983.53,44263,149078722.29
404,Silchar,Plastics,6435073.73,Town,142.6,Assam,503.877551,2.6,1,66.8,15.7,5.7,8.3,40355,10625,983.53,44263,149078722.29
405,Silchar,Processed Food,18902779.39,Town,142.6,Assam,503.877551,2.6,1,66.8,15.7,5.7,8.3,40355,10625,983.53,44263,149078722.29
406,Silchar,Sports,480376.59,Town,142.6,Assam,503.877551,2.6,1,66.8,15.7,5.7,8.3,40355,10625,983.53,44263,149078722.29
407,Silchar,Staples,19460455.96,Town,142.6,Assam,503.877551,2.6,1,66.8,15.7,5.7,8.3,40355,10625,983.53,44263,149078722.29
408,Silchar,Stationery,4325342.2,Town,142.6,Assam,503.877551,2.6,1,66.8,15.7,5.7,8.3,40355,10625,983.53,44263,149078722.29
409,Silchar,Toys,3222368.03,Town,142.6,Assam,503.877551,2.6,1,66.8,15.7,5.7,8.3,40355,10625,983.53,44263,149078722.29
410,Silchar,Utensils,5127277.94,Town,142.6,Assam,503.877551,2.6,1,66.8,15.7,5.7,8.3,40355,10625,983.53,44263,149078722.29
411,Siliguri,Wellness,3573647,City,143.6,West Bengal,1974.092308,1.1,0.7,64.4,18.8,4.6,7.1,122698,26834,2203.12,70059,605751181.52
412,Siliguri,Cookware,6072856.86,City,143.6,West Bengal,1974.092308,1.1,0.7,64.4,18.8,4.6,7.1,122698,26834,2203.12,70059,605751181.52
413,Siliguri,Crockery,9270922.98,City,143.6,West Bengal,1974.092308,1.1,0.7,64.4,18.8,4.6,7.1,122698,26834,2203.12,70059,605751181.52
414,Siliguri,Electronics,18821931.61,City,143.6,West Bengal,1974.092308,1.1,0.7,64.4,18.8,4.6,7.1,122698,26834,2203.12,70059,605751181.52
415,Siliguri,Farm Fresh,5275370.95,City,143.6,West Bengal,1974.092308,1.1,0.7,64.4,18.8,4.6,7.1,122698,26834,2203.12,70059,605751181.52
416,Siliguri,Fashion,259159977.51,City,143.6,West Bengal,1974.092308,1.1,0.7,64.4,18.8,4.6,7.1,122698,26834,2203.12,70059,605751181.52
417,Siliguri,Food Services,3200241.5,City,143.6,West Bengal,1974.092308,1.1,0.7,64.4,18.8,4.6,7.1,122698,26834,2203.12,70059,605751181.52
418,Siliguri,Shoes,6291964.43,City,143.6,West Bengal,1974.092308,1.1,0.7,64.4,18.8,4.6,7.1,122698,26834,2203.12,70059,605751181.52
419,Siliguri,Home Essentials,3697610.42,City,143.6,West Bengal,1974.092308,1.1,0.7,64.4,18.8,4.6,7.1,122698,26834,2203.12,70059,605751181.52
420,Siliguri,Home Fashion,21973934.69,City,143.6,West Bengal,1974.092308,1.1,0.7,64.4,18.8,4.6,7.1,122698,26834,2203.12,70059,605751181.52
421,Siliguri,Healthcare,70152592.81,City,143.6,West Bengal,1974.092308,1.1,0.7,64.4,18.8,4.6,7.1,122698,26834,2203.12,70059,605751181.52
422,Siliguri,Trolley Bags,12405945.87,City,143.6,West Bengal,1974.092308,1.1,0.7,64.4,18.8,4.6,7.1,122698,26834,2203.12,70059,605751181.52
423,Siliguri,Plastics,19503745.67,City,143.6,West Bengal,1974.092308,1.1,0.7,64.4,18.8,4.6,7.1,122698,26834,2203.12,70059,605751181.52
424,Siliguri,Processed Food,65897928.21,City,143.6,West Bengal,1974.092308,1.1,0.7,64.4,18.8,4.6,7.1,122698,26834,2203.12,70059,605751181.52
425,Siliguri,Sports,2145427.49,City,143.6,West Bengal,1974.092308,1.1,0.7,64.4,18.8,4.6,7.1,122698,26834,2203.12,70059,605751181.52
426,Siliguri,Staples,43783373.25,City,143.6,West Bengal,1974.092308,1.1,0.7,64.4,18.8,4.6,7.1,122698,26834,2203.12,70059,605751181.52
427,Siliguri,Stationery,32605517.82,City,143.6,West Bengal,1974.092308,1.1,0.7,64.4,18.8,4.6,7.1,122698,26834,2203.12,70059,605751181.52
428,Siliguri,Toys,10736591.23,City,143.6,West Bengal,1974.092308,1.1,0.7,64.4,18.8,4.6,7.1,122698,26834,2203.12,70059,605751181.52
429,Siliguri,Utensils,11181601.22,City,143.6,West Bengal,1974.092308,1.1,0.7,64.4,18.8,4.6,7.1,122698,26834,2203.12,70059,605751181.52
