,City,Category.of.SKU,Sale,City.Type,LiteracyRate,Population,AvgCPI,Area(km2),kids_population,teen_population,working_population,oldage_population,,,
1,Asansol,Wellness,2795247.57,Town,83.3,563917,143.6,49,136928,166594,230557,29838,,,
2,Asansol,Cookware,2487419.357,Town,83.3,563917,143.6,49,136928,166594,230557,29838,,,
3,Asansol,Crockery,2800423.502,Town,83.3,563917,143.6,49,136928,166594,230557,29838,,,
4,Asansol,Electronics,5259208.102,Town,83.3,563917,143.6,49,136928,166594,230557,29838,,,
5,Asansol,Farm Fresh,2749654.634,Town,83.3,563917,143.6,49,136928,166594,230557,29838,,,
6,Asansol,Fashion,37155072.93,Town,83.3,563917,143.6,49,136928,166594,230557,29838,,,
7,Asansol,Food Services,181471.1149,Town,83.3,563917,143.6,49,136928,166594,230557,29838,,,
8,Asansol,Shoes,29649.74894,Town,83.3,563917,143.6,49,136928,166594,230557,29838,,,
9,Asansol,Home Essentials,14808,Town,83.3,563917,143.6,49,136928,166594,230557,29838,,,
10,Asansol,Home Fashion,4286111.217,Town,83.3,563917,143.6,49,136928,166594,230557,29838,,,
11,Asansol,Healthcare,29394050.1,Town,83.3,563917,143.6,49,136928,166594,230557,29838,,,
12,Asansol,Trolley Bags,4495174.477,Town,83.3,563917,143.6,49,136928,166594,230557,29838,,,
13,Asansol,Plastics,5192360.4,Town,83.3,563917,143.6,49,136928,166594,230557,29838,,,
14,Asansol,Processed Food,28621607.8,Town,83.3,563917,143.6,49,136928,166594,230557,29838,,,
15,Asansol,Sports,383632.366,Town,83.3,563917,143.6,49,136928,166594,230557,29838,,,
16,Asansol,Staples,26036011.83,Town,83.3,563917,143.6,49,136928,166594,230557,29838,,,
17,Asansol,Stationery,9768392.251,Town,83.3,563917,143.6,49,136928,166594,230557,29838,,,
18,Asansol,Toys,2189530.434,Town,83.3,563917,143.6,49,136928,166594,230557,29838,,,
19,Asansol,Utensils,4791059.791,Town,83.3,563917,143.6,49,136928,166594,230557,29838,,,
20,Bhagalpur,Crockery,1234,Town,79.26,400146,144,342,126771,114681,139242,18375,,,
21,Bhagalpur,Electronics,1234,Town,79.26,400146,144,342,126771,114681,139242,18375,,,
22,Bhagalpur,Fashion,32400422.66,Town,79.26,400146,144,342,126771,114681,139242,18375,,,
23,Bhagalpur,Shoes,593050.1362,Town,79.26,400146,144,342,126771,114681,139242,18375,,,
24,Bhagalpur,Home Essentials,11124.7234,Town,79.26,400146,144,342,126771,114681,139242,18375,,,
25,Bhagalpur,Home Fashion,2313605.187,Town,79.26,400146,144,342,126771,114681,139242,18375,,,
26,Bhagalpur,Trolley Bags,26477.3617,Town,79.26,400146,144,342,126771,114681,139242,18375,,,
27,Bhagalpur,Plastics,2468,Town,79.26,400146,144,342,126771,114681,139242,18375,,,
28,Bhagalpur,Processed Food,2472.340426,Town,79.26,400146,144,342,126771,114681,139242,18375,,,
29,Bhagalpur,Stationery,183050.5064,Town,79.26,400146,144,342,126771,114681,139242,18375,,,
30,Bhagalpur,Toys,8638,Town,79.26,400146,144,342,126771,114681,139242,18375,,,
31,Bhagalpur,Utensils,3702,Town,79.26,400146,144,342,126771,114681,139242,18375,,,
32,Bhubaneshwar,Wellness,3510542.277,City,91.87,843402,144.5,135,201502,264085,390802,24721,,,
33,Bhubaneshwar,Cookware,6911649.732,City,91.87,843402,144.5,135,201502,264085,390802,24721,,,
34,Bhubaneshwar,Crockery,10964260.51,City,91.87,843402,144.5,135,201502,264085,390802,24721,,,
35,Bhubaneshwar,Electronics,7074638.996,City,91.87,843402,144.5,135,201502,264085,390802,24721,,,
36,Bhubaneshwar,Farm Fresh,1123880.379,City,91.87,843402,144.5,135,201502,264085,390802,24721,,,
37,Bhubaneshwar,Fashion,199716680.6,City,91.87,843402,144.5,135,201502,264085,390802,24721,,,
38,Bhubaneshwar,Food Services,2635829.285,City,91.87,843402,144.5,135,201502,264085,390802,24721,,,
39,Bhubaneshwar,Shoes,7740744.757,City,91.87,843402,144.5,135,201502,264085,390802,24721,,,
40,Bhubaneshwar,Home Essentials,5655842.723,City,91.87,843402,144.5,135,201502,264085,390802,24721,,,
41,Bhubaneshwar,Home Fashion,23160038.32,City,91.87,843402,144.5,135,201502,264085,390802,24721,,,
42,Bhubaneshwar,Healthcare,96217517.32,City,91.87,843402,144.5,135,201502,264085,390802,24721,,,
43,Bhubaneshwar,Trolley Bags,20021579.03,City,91.87,843402,144.5,135,201502,264085,390802,24721,,,
44,Bhubaneshwar,Plastics,21648148.9,City,91.87,843402,144.5,135,201502,264085,390802,24721,,,
45,Bhubaneshwar,Processed Food,85817238.82,City,91.87,843402,144.5,135,201502,264085,390802,24721,,,
46,Bhubaneshwar,Sports,1411944.281,City,91.87,843402,144.5,135,201502,264085,390802,24721,,,
47,Bhubaneshwar,Staples,65223728.48,City,91.87,843402,144.5,135,201502,264085,390802,24721,,,
48,Bhubaneshwar,Stationery,24066656.71,City,91.87,843402,144.5,135,201502,264085,390802,24721,,,
49,Bhubaneshwar,Toys,8129330.166,City,91.87,843402,144.5,135,201502,264085,390802,24721,,,
50,Bhubaneshwar,Utensils,14640275.51,City,91.87,843402,144.5,135,201502,264085,390802,24721,,,
51,Bilaspur,Wellness,388633.017,Town,88.13,331030,141.6,345.8,95074,104758,147437,18016,,,
52,Bilaspur,Cookware,1281239.957,Town,88.13,331030,141.6,345.8,95074,104758,147437,18016,,,
53,Bilaspur,Crockery,1500587.63,Town,88.13,331030,141.6,345.8,95074,104758,147437,18016,,,
54,Bilaspur,Electronics,4173297.766,Town,88.13,331030,141.6,345.8,95074,104758,147437,18016,,,
55,Bilaspur,Farm Fresh,247961.6894,Town,88.13,331030,141.6,345.8,95074,104758,147437,18016,,,
56,Bilaspur,Fashion,30317269.64,Town,88.13,331030,141.6,345.8,95074,104758,147437,18016,,,
57,Bilaspur,Food Services,233372.0128,Town,88.13,331030,141.6,345.8,95074,104758,147437,18016,,,
58,Bilaspur,Shoes,1063127.613,Town,88.13,331030,141.6,345.8,95074,104758,147437,18016,,,
59,Bilaspur,Home Essentials,1505429.06,Town,88.13,331030,141.6,345.8,95074,104758,147437,18016,,,
60,Bilaspur,Home Fashion,3176552.026,Town,88.13,331030,141.6,345.8,95074,104758,147437,18016,,,
61,Bilaspur,Healthcare,17543805.72,Town,88.13,331030,141.6,345.8,95074,104758,147437,18016,,,
62,Bilaspur,Trolley Bags,2380004.63,Town,88.13,331030,141.6,345.8,95074,104758,147437,18016,,,
63,Bilaspur,Plastics,3724322.272,Town,88.13,331030,141.6,345.8,95074,104758,147437,18016,,,
64,Bilaspur,Processed Food,14026340.02,Town,88.13,331030,141.6,345.8,95074,104758,147437,18016,,,
65,Bilaspur,Sports,325211.2426,Town,88.13,331030,141.6,345.8,95074,104758,147437,18016,,,
66,Bilaspur,Staples,13886973.56,Town,88.13,331030,141.6,345.8,95074,104758,147437,18016,,,
67,Bilaspur,Stationery,2124750.919,Town,88.13,331030,141.6,345.8,95074,104758,147437,18016,,,
68,Bilaspur,Toys,1417239.294,Town,88.13,331030,141.6,345.8,95074,104758,147437,18016,,,
69,Bilaspur,Utensils,2398757.996,Town,88.13,331030,141.6,345.8,95074,104758,147437,18016,,,
70,Burdwan,Wellness,2276430.098,Town,88.31,314265,143.6,59,60662,88810,143698,20488,,,
71,Burdwan,Cookware,2372522.013,Town,88.31,314265,143.6,59,60662,88810,143698,20488,,,
72,Burdwan,Crockery,2916523.545,Town,88.31,314265,143.6,59,60662,88810,143698,20488,,,
73,Burdwan,Electronics,5574540.311,Town,88.31,314265,143.6,59,60662,88810,143698,20488,,,
74,Burdwan,Farm Fresh,2117807.787,Town,88.31,314265,143.6,59,60662,88810,143698,20488,,,
75,Burdwan,Fashion,33393354.14,Town,88.31,314265,143.6,59,60662,88810,143698,20488,,,
76,Burdwan,Food Services,22400.39574,Town,88.31,314265,143.6,59,60662,88810,143698,20488,,,
77,Burdwan,Shoes,175727.4553,Town,88.31,314265,143.6,59,60662,88810,143698,20488,,,
78,Burdwan,Home Essentials,7437.617021,Town,88.31,314265,143.6,59,60662,88810,143698,20488,,,
79,Burdwan,Home Fashion,3276933.97,Town,88.31,314265,143.6,59,60662,88810,143698,20488,,,
80,Burdwan,Healthcare,20441850.17,Town,88.31,314265,143.6,59,60662,88810,143698,20488,,,
81,Burdwan,Trolley Bags,3556570.736,Town,88.31,314265,143.6,59,60662,88810,143698,20488,,,
82,Burdwan,Plastics,3995496.779,Town,88.31,314265,143.6,59,60662,88810,143698,20488,,,
83,Burdwan,Processed Food,19588367.91,Town,88.31,314265,143.6,59,60662,88810,143698,20488,,,
84,Burdwan,Sports,302110.3064,Town,88.31,314265,143.6,59,60662,88810,143698,20488,,,
85,Burdwan,Staples,14166456.29,Town,88.31,314265,143.6,59,60662,88810,143698,20488,,,
86,Burdwan,Stationery,19706998.53,Town,88.31,314265,143.6,59,60662,88810,143698,20488,,,
87,Burdwan,Toys,2066979.336,Town,88.31,314265,143.6,59,60662,88810,143698,20488,,,
88,Burdwan,Utensils,3797518.54,Town,88.31,314265,143.6,59,60662,88810,143698,20488,,,
89,Cuttack,Wellness,480547.7021,Town,91,610189,144.5,398,133798,186768,252908,32443,,,
90,Cuttack,Cookware,2034576.323,Town,91,610189,144.5,398,133798,186768,252908,32443,,,
91,Cuttack,Crockery,2798322.643,Town,91,610189,144.5,398,133798,186768,252908,32443,,,
92,Cuttack,Electronics,5517266.106,Town,91,610189,144.5,398,133798,186768,252908,32443,,,
93,Cuttack,Farm Fresh,303929.1617,Town,91,610189,144.5,398,133798,186768,252908,32443,,,
94,Cuttack,Fashion,36881707.64,Town,91,610189,144.5,398,133798,186768,252908,32443,,,
95,Cuttack,Food Services,810208.7191,Town,91,610189,144.5,398,133798,186768,252908,32443,,,
96,Cuttack,Shoes,1197917.498,Town,91,610189,144.5,398,133798,186768,252908,32443,,,
97,Cuttack,Home Essentials,1526326.026,Town,91,610189,144.5,398,133798,186768,252908,32443,,,
98,Cuttack,Home Fashion,5304414.336,Town,91,610189,144.5,398,133798,186768,252908,32443,,,
99,Cuttack,Healthcare,26176664.51,Town,91,610189,144.5,398,133798,186768,252908,32443,,,
100,Cuttack,Trolley Bags,4784038.323,Town,91,610189,144.5,398,133798,186768,252908,32443,,,
101,Cuttack,Plastics,5227638.557,Town,91,610189,144.5,398,133798,186768,252908,32443,,,
102,Cuttack,Processed Food,23752021.71,Town,91,610189,144.5,398,133798,186768,252908,32443,,,
103,Cuttack,Sports,387858.0085,Town,91,610189,144.5,398,133798,186768,252908,32443,,,
104,Cuttack,Staples,19244155.1,Town,91,610189,144.5,398,133798,186768,252908,32443,,,
105,Cuttack,Stationery,1981541.038,Town,91,610189,144.5,398,133798,186768,252908,32443,,,
106,Cuttack,Toys,2281462.209,Town,91,610189,144.5,398,133798,186768,252908,32443,,,
107,Cuttack,Utensils,4086802.753,Town,91,610189,144.5,398,133798,186768,252908,32443,,,
108,Darjeeling,Wellness,153868.5915,Town,93.85,118805,143.6,10.57,22232,36480,53924,6086,,,
109,Darjeeling,Cookware,1001375.894,Town,93.85,118805,143.6,10.57,22232,36480,53924,6086,,,
110,Darjeeling,Crockery,1542496.238,Town,93.85,118805,143.6,10.57,22232,36480,53924,6086,,,
111,Darjeeling,Electronics,2216824.353,Town,93.85,118805,143.6,10.57,22232,36480,53924,6086,,,
112,Darjeeling,Fashion,17896912.09,Town,93.85,118805,143.6,10.57,22232,36480,53924,6086,,,
113,Darjeeling,Food Services,207511.0638,Town,93.85,118805,143.6,10.57,22232,36480,53924,6086,,,
114,Darjeeling,Shoes,235734.8681,Town,93.85,118805,143.6,10.57,22232,36480,53924,6086,,,
115,Darjeeling,Home Essentials,8132.553191,Town,93.85,118805,143.6,10.57,22232,36480,53924,6086,,,
116,Darjeeling,Home Fashion,2170208.8,Town,93.85,118805,143.6,10.57,22232,36480,53924,6086,,,
117,Darjeeling,Healthcare,9080292.34,Town,93.85,118805,143.6,10.57,22232,36480,53924,6086,,,
118,Darjeeling,Trolley Bags,1527941.804,Town,93.85,118805,143.6,10.57,22232,36480,53924,6086,,,
119,Darjeeling,Plastics,3494301.643,Town,93.85,118805,143.6,10.57,22232,36480,53924,6086,,,
120,Darjeeling,Processed Food,8563359.723,Town,93.85,118805,143.6,10.57,22232,36480,53924,6086,,,
121,Darjeeling,Sports,347130.5362,Town,93.85,118805,143.6,10.57,22232,36480,53924,6086,,,
122,Darjeeling,Staples,9563348.485,Town,93.85,118805,143.6,10.57,22232,36480,53924,6086,,,
123,Darjeeling,Stationery,1722592.387,Town,93.85,118805,143.6,10.57,22232,36480,53924,6086,,,
124,Darjeeling,Toys,2050861.145,Town,93.85,118805,143.6,10.57,22232,36480,53924,6086,,,
125,Darjeeling,Utensils,2108162.013,Town,93.85,118805,143.6,10.57,22232,36480,53924,6086,,,
126,Deoghar,Wellness,179855.2511,Town,85.68,203123,142.2,337,62451,56627,74316,9623,,,
127,Deoghar,Cookware,1811486.736,Town,85.68,203123,142.2,337,62451,56627,74316,9623,,,
128,Deoghar,Crockery,1702889.468,Town,85.68,203123,142.2,337,62451,56627,74316,9623,,,
129,Deoghar,Electronics,3685102.089,Town,85.68,203123,142.2,337,62451,56627,74316,9623,,,
130,Deoghar,Farm Fresh,333188.1787,Town,85.68,203123,142.2,337,62451,56627,74316,9623,,,
131,Deoghar,Fashion,24417492.31,Town,85.68,203123,142.2,337,62451,56627,74316,9623,,,
132,Deoghar,Food Services,15532.30213,Town,85.68,203123,142.2,337,62451,56627,74316,9623,,,
133,Deoghar,Shoes,883200.0681,Town,85.68,203123,142.2,337,62451,56627,74316,9623,,,
134,Deoghar,Home Essentials,193751.9957,Town,85.68,203123,142.2,337,62451,56627,74316,9623,,,
135,Deoghar,Home Fashion,3342223.932,Town,85.68,203123,142.2,337,62451,56627,74316,9623,,,
136,Deoghar,Healthcare,19294323.41,Town,85.68,203123,142.2,337,62451,56627,74316,9623,,,
137,Deoghar,Trolley Bags,3165223.46,Town,85.68,203123,142.2,337,62451,56627,74316,9623,,,
138,Deoghar,Plastics,3762673.706,Town,85.68,203123,142.2,337,62451,56627,74316,9623,,,
139,Deoghar,Processed Food,17298241.23,Town,85.68,203123,142.2,337,62451,56627,74316,9623,,,
140,Deoghar,Sports,278088.9489,Town,85.68,203123,142.2,337,62451,56627,74316,9623,,,
141,Deoghar,Staples,14620962.37,Town,85.68,203123,142.2,337,62451,56627,74316,9623,,,
142,Deoghar,Stationery,2668953.383,Town,85.68,203123,142.2,337,62451,56627,74316,9623,,,
143,Deoghar,Toys,1546082.536,Town,85.68,203123,142.2,337,62451,56627,74316,9623,,,
144,Deoghar,Utensils,2885614.417,Town,85.68,203123,142.2,337,62451,56627,74316,9623,,,
145,Dhanbad,Wellness,331290.0723,Town,79.47,1162472,142.2,2052,350678,342260,403841,38892,,,
146,Dhanbad,Cookware,2483055.587,Town,79.47,1162472,142.2,2052,350678,342260,403841,38892,,,
147,Dhanbad,Crockery,3197925.119,Town,79.47,1162472,142.2,2052,350678,342260,403841,38892,,,
148,Dhanbad,Electronics,8648718.74,Town,79.47,1162472,142.2,2052,350678,342260,403841,38892,,,
149,Dhanbad,Farm Fresh,102878.9787,Town,79.47,1162472,142.2,2052,350678,342260,403841,38892,,,
150,Dhanbad,Fashion,34640695.05,Town,79.47,1162472,142.2,2052,350678,342260,403841,38892,,,
151,Dhanbad,Food Services,1373608.289,Town,79.47,1162472,142.2,2052,350678,342260,403841,38892,,,
152,Dhanbad,Shoes,207609.2255,Town,79.47,1162472,142.2,2052,350678,342260,403841,38892,,,
153,Dhanbad,Home Essentials,32518.53191,Town,79.47,1162472,142.2,2052,350678,342260,403841,38892,,,
154,Dhanbad,Home Fashion,6152379.991,Town,79.47,1162472,142.2,2052,350678,342260,403841,38892,,,
155,Dhanbad,Healthcare,24678017.65,Town,79.47,1162472,142.2,2052,350678,342260,403841,38892,,,
156,Dhanbad,Trolley Bags,6245068.723,Town,79.47,1162472,142.2,2052,350678,342260,403841,38892,,,
157,Dhanbad,Plastics,5210714.438,Town,79.47,1162472,142.2,2052,350678,342260,403841,38892,,,
158,Dhanbad,Processed Food,23604789.51,Town,79.47,1162472,142.2,2052,350678,342260,403841,38892,,,
159,Dhanbad,Sports,573305.3021,Town,79.47,1162472,142.2,2052,350678,342260,403841,38892,,,
160,Dhanbad,Staples,17606666.37,Town,79.47,1162472,142.2,2052,350678,342260,403841,38892,,,
161,Dhanbad,Stationery,2886914.085,Town,79.47,1162472,142.2,2052,350678,342260,403841,38892,,,
162,Dhanbad,Toys,2523043.617,Town,79.47,1162472,142.2,2052,350678,342260,403841,38892,,,
163,Dhanbad,Utensils,3942927.362,Town,79.47,1162472,142.2,2052,350678,342260,403841,38892,,,
164,Durgapur,Wellness,3115627.472,City,86.02,566517,143.6,154,126774,152050,253273,32834,,,
165,Durgapur,Cookware,2768200.434,City,86.02,566517,143.6,154,126774,152050,253273,32834,,,
166,Durgapur,Crockery,3946609.085,City,86.02,566517,143.6,154,126774,152050,253273,32834,,,
167,Durgapur,Electronics,10117506.29,City,86.02,566517,143.6,154,126774,152050,253273,32834,,,
168,Durgapur,Farm Fresh,3740236.851,City,86.02,566517,143.6,154,126774,152050,253273,32834,,,
169,Durgapur,Fashion,64111074.64,City,86.02,566517,143.6,154,126774,152050,253273,32834,,,
170,Durgapur,Food Services,866470.8936,City,86.02,566517,143.6,154,126774,152050,253273,32834,,,
171,Durgapur,Shoes,1624682.804,City,86.02,566517,143.6,154,126774,152050,253273,32834,,,
172,Durgapur,Home Essentials,1808442.357,City,86.02,566517,143.6,154,126774,152050,253273,32834,,,
173,Durgapur,Home Fashion,6847381.689,City,86.02,566517,143.6,154,126774,152050,253273,32834,,,
174,Durgapur,Healthcare,38556173.68,City,86.02,566517,143.6,154,126774,152050,253273,32834,,,
175,Durgapur,Trolley Bags,6249985.557,City,86.02,566517,143.6,154,126774,152050,253273,32834,,,
176,Durgapur,Plastics,6623535.668,City,86.02,566517,143.6,154,126774,152050,253273,32834,,,
177,Durgapur,Processed Food,33842807.3,City,86.02,566517,143.6,154,126774,152050,253273,32834,,,
178,Durgapur,Sports,719003.8638,City,86.02,566517,143.6,154,126774,152050,253273,32834,,,
179,Durgapur,Staples,31169506.22,City,86.02,566517,143.6,154,126774,152050,253273,32834,,,
180,Durgapur,Stationery,16526110.59,City,86.02,566517,143.6,154,126774,152050,253273,32834,,,
181,Durgapur,Toys,2886990.183,City,86.02,566517,143.6,154,126774,152050,253273,32834,,,
182,Durgapur,Utensils,5712874.409,City,86.02,566517,143.6,154,126774,152050,253273,32834,,,
183,Gangtok,Wellness,38671.02553,City,89.33,100286,141.2,35,23131,33742,40148,3168,,,
184,Gangtok,Cookware,1496875.094,City,89.33,100286,141.2,35,23131,33742,40148,3168,,,
185,Gangtok,Crockery,1654521.391,City,89.33,100286,141.2,35,23131,33742,40148,3168,,,
186,Gangtok,Electronics,3351476.328,City,89.33,100286,141.2,35,23131,33742,40148,3168,,,
187,Gangtok,Farm Fresh,176237.3489,City,89.33,100286,141.2,35,23131,33742,40148,3168,,,
188,Gangtok,Fashion,26225308.01,City,89.33,100286,141.2,35,23131,33742,40148,3168,,,
189,Gangtok,Food Services,414048.0128,City,89.33,100286,141.2,35,23131,33742,40148,3168,,,
190,Gangtok,Shoes,1047641.285,City,89.33,100286,141.2,35,23131,33742,40148,3168,,,
191,Gangtok,Home Essentials,14730.12766,City,89.33,100286,141.2,35,23131,33742,40148,3168,,,
192,Gangtok,Home Fashion,3713951.464,City,89.33,100286,141.2,35,23131,33742,40148,3168,,,
193,Gangtok,Healthcare,11576219.24,City,89.33,100286,141.2,35,23131,33742,40148,3168,,,
194,Gangtok,Trolley Bags,1726479.426,City,89.33,100286,141.2,35,23131,33742,40148,3168,,,
195,Gangtok,Plastics,4618887.217,City,89.33,100286,141.2,35,23131,33742,40148,3168,,,
196,Gangtok,Processed Food,12424446.13,City,89.33,100286,141.2,35,23131,33742,40148,3168,,,
197,Gangtok,Sports,361768.6553,City,89.33,100286,141.2,35,23131,33742,40148,3168,,,
198,Gangtok,Staples,14366667.75,City,89.33,100286,141.2,35,23131,33742,40148,3168,,,
199,Gangtok,Stationery,1690020.136,City,89.33,100286,141.2,35,23131,33742,40148,3168,,,
200,Gangtok,Toys,1867244.519,City,89.33,100286,141.2,35,23131,33742,40148,3168,,,
201,Gangtok,Utensils,2843098.523,City,89.33,100286,141.2,35,23131,33742,40148,3168,,,
202,Guwahati,Wellness,3304291.485,City,91.47,957352,142.6,215,212807,277432,429146,40940,,,
203,Guwahati,Cookware,7807870.987,City,91.47,957352,142.6,215,212807,277432,429146,40940,,,
204,Guwahati,Crockery,13446955.37,City,91.47,957352,142.6,215,212807,277432,429146,40940,,,
205,Guwahati,Electronics,59370.82979,City,91.47,957352,142.6,215,212807,277432,429146,40940,,,
206,Guwahati,Farm Fresh,3162177.864,City,91.47,957352,142.6,215,212807,277432,429146,40940,,,
207,Guwahati,Fashion,208940461.5,City,91.47,957352,142.6,215,212807,277432,429146,40940,,,
208,Guwahati,Food Services,7424836.391,City,91.47,957352,142.6,215,212807,277432,429146,40940,,,
209,Guwahati,Shoes,7367212.745,City,91.47,957352,142.6,215,212807,277432,429146,40940,,,
210,Guwahati,Home Essentials,4499185.46,City,91.47,957352,142.6,215,212807,277432,429146,40940,,,
211,Guwahati,Home Fashion,20318968.33,City,91.47,957352,142.6,215,212807,277432,429146,40940,,,
212,Guwahati,Healthcare,75925665.54,City,91.47,957352,142.6,215,212807,277432,429146,40940,,,
213,Guwahati,Trolley Bags,14246331.69,City,91.47,957352,142.6,215,212807,277432,429146,40940,,,
214,Guwahati,Plastics,23248876.61,City,91.47,957352,142.6,215,212807,277432,429146,40940,,,
215,Guwahati,Processed Food,64643191.11,City,91.47,957352,142.6,215,212807,277432,429146,40940,,,
216,Guwahati,Sports,1450439.711,City,91.47,957352,142.6,215,212807,277432,429146,40940,,,
217,Guwahati,Staples,59868878.88,City,91.47,957352,142.6,215,212807,277432,429146,40940,,,
218,Guwahati,Stationery,10372216.44,City,91.47,957352,142.6,215,212807,277432,429146,40940,,,
219,Guwahati,Toys,8145155.566,City,91.47,957352,142.6,215,212807,277432,429146,40940,,,
220,Guwahati,Utensils,15813558.98,City,91.47,957352,142.6,215,212807,277432,429146,40940,,,
221,Jamshedpur,Wellness,725622.5872,Town,86.91,631364,142.2,209,168259,195330,279620,33879,,,
222,Jamshedpur,Cookware,2188493.702,Town,86.91,631364,142.2,209,168259,195330,279620,33879,,,
223,Jamshedpur,Crockery,2711108.379,Town,86.91,631364,142.2,209,168259,195330,279620,33879,,,
224,Jamshedpur,Electronics,5338463.455,Town,86.91,631364,142.2,209,168259,195330,279620,33879,,,
225,Jamshedpur,Farm Fresh,211730.583,Town,86.91,631364,142.2,209,168259,195330,279620,33879,,,
226,Jamshedpur,Fashion,29375996.66,Town,86.91,631364,142.2,209,168259,195330,279620,33879,,,
227,Jamshedpur,Food Services,1915957.366,Town,86.91,631364,142.2,209,168259,195330,279620,33879,,,
228,Jamshedpur,Shoes,1096925.63,Town,86.91,631364,142.2,209,168259,195330,279620,33879,,,
229,Jamshedpur,Home Essentials,309615.9872,Town,86.91,631364,142.2,209,168259,195330,279620,33879,,,
230,Jamshedpur,Home Fashion,5621901.885,Town,86.91,631364,142.2,209,168259,195330,279620,33879,,,
231,Jamshedpur,Healthcare,22717806.98,Town,86.91,631364,142.2,209,168259,195330,279620,33879,,,
232,Jamshedpur,Trolley Bags,5335605.664,Town,86.91,631364,142.2,209,168259,195330,279620,33879,,,
233,Jamshedpur,Plastics,4847736.328,Town,86.91,631364,142.2,209,168259,195330,279620,33879,,,
234,Jamshedpur,Processed Food,19273826.25,Town,86.91,631364,142.2,209,168259,195330,279620,33879,,,
235,Jamshedpur,Sports,495011.8638,Town,86.91,631364,142.2,209,168259,195330,279620,33879,,,
236,Jamshedpur,Staples,17547023.01,Town,86.91,631364,142.2,209,168259,195330,279620,33879,,,
237,Jamshedpur,Stationery,2794643.187,Town,86.91,631364,142.2,209,168259,195330,279620,33879,,,
238,Jamshedpur,Toys,1834935.796,Town,86.91,631364,142.2,209,168259,195330,279620,33879,,,
239,Jamshedpur,Utensils,3423525.668,Town,86.91,631364,142.2,209,168259,195330,279620,33879,,,
240,Jorhat,Wellness,558708.6809,Town,83.42,1091295,142.6,9,29096,35499,55493,6577,,,
241,Jorhat,Cookware,1797355.617,Town,83.42,1091295,142.6,9,29096,35499,55493,6577,,,
242,Jorhat,Crockery,2865396.243,Town,83.42,1091295,142.6,9,29096,35499,55493,6577,,,
243,Jorhat,Electronics,3337847.46,Town,83.42,1091295,142.6,9,29096,35499,55493,6577,,,
244,Jorhat,Farm Fresh,704030.6723,Town,83.42,1091295,142.6,9,29096,35499,55493,6577,,,
245,Jorhat,Fashion,47338342.42,Town,83.42,1091295,142.6,9,29096,35499,55493,6577,,,
246,Jorhat,Food Services,62367.69362,Town,83.42,1091295,142.6,9,29096,35499,55493,6577,,,
247,Jorhat,Shoes,823392.2979,Town,83.42,1091295,142.6,9,29096,35499,55493,6577,,,
248,Jorhat,Home Essentials,14990.17021,Town,83.42,1091295,142.6,9,29096,35499,55493,6577,,,
249,Jorhat,Home Fashion,4920629.855,Town,83.42,1091295,142.6,9,29096,35499,55493,6577,,,
250,Jorhat,Healthcare,17875257.86,Town,83.42,1091295,142.6,9,29096,35499,55493,6577,,,
251,Jorhat,Trolley Bags,3660631.396,Town,83.42,1091295,142.6,9,29096,35499,55493,6577,,,
252,Jorhat,Plastics,6474161.051,Town,83.42,1091295,142.6,9,29096,35499,55493,6577,,,
253,Jorhat,Processed Food,19103691.99,Town,83.42,1091295,142.6,9,29096,35499,55493,6577,,,
254,Jorhat,Sports,434661.5915,Town,83.42,1091295,142.6,9,29096,35499,55493,6577,,,
255,Jorhat,Staples,15115969.49,Town,83.42,1091295,142.6,9,29096,35499,55493,6577,,,
256,Jorhat,Stationery,1728662.545,Town,83.42,1091295,142.6,9,29096,35499,55493,6577,,,
257,Jorhat,Toys,2518931.379,Town,83.42,1091295,142.6,9,29096,35499,55493,6577,,,
258,Jorhat,Utensils,4142514.43,Town,83.42,1091295,142.6,9,29096,35499,55493,6577,,,
259,Kharagpur,Wellness,1486728.779,Town,85.76,207604,143.6,127,43719,55398,88071,13978,,,
260,Kharagpur,Cookware,2509206.957,Town,85.76,207604,143.6,127,43719,55398,88071,13978,,,
261,Kharagpur,Crockery,2233472.187,Town,85.76,207604,143.6,127,43719,55398,88071,13978,,,
262,Kharagpur,Electronics,6991580.085,Town,85.76,207604,143.6,127,43719,55398,88071,13978,,,
263,Kharagpur,Farm Fresh,1523359.757,Town,85.76,207604,143.6,127,43719,55398,88071,13978,,,
264,Kharagpur,Fashion,43997460.09,Town,85.76,207604,143.6,127,43719,55398,88071,13978,,,
265,Kharagpur,Food Services,6155794.838,Town,85.76,207604,143.6,127,43719,55398,88071,13978,,,
266,Kharagpur,Shoes,1243483.379,Town,85.76,207604,143.6,127,43719,55398,88071,13978,,,
267,Kharagpur,Home Essentials,1362975.443,Town,85.76,207604,143.6,127,43719,55398,88071,13978,,,
268,Kharagpur,Home Fashion,3587086.017,Town,85.76,207604,143.6,127,43719,55398,88071,13978,,,
269,Kharagpur,Healthcare,21848335.88,Town,85.76,207604,143.6,127,43719,55398,88071,13978,,,
270,Kharagpur,Trolley Bags,4281189.132,Town,85.76,207604,143.6,127,43719,55398,88071,13978,,,
271,Kharagpur,Plastics,4223666.604,Town,85.76,207604,143.6,127,43719,55398,88071,13978,,,
272,Kharagpur,Processed Food,23901341.79,Town,85.76,207604,143.6,127,43719,55398,88071,13978,,,
273,Kharagpur,Sports,327020.3574,Town,85.76,207604,143.6,127,43719,55398,88071,13978,,,
274,Kharagpur,Staples,18524616.8,Town,85.76,207604,143.6,127,43719,55398,88071,13978,,,
275,Kharagpur,Stationery,29745709.39,Town,85.76,207604,143.6,127,43719,55398,88071,13978,,,
276,Kharagpur,Toys,1901587.174,Town,85.76,207604,143.6,127,43719,55398,88071,13978,,,
277,Kharagpur,Utensils,3862787.6,Town,85.76,207604,143.6,127,43719,55398,88071,13978,,,
278,Kolkata,Wellness,47474466.44,City,86.31,4496694,143.6,185,848230,1177159,2101087,346996,,,
279,Kolkata,Cookware,61006916.49,City,86.31,4496694,143.6,185,848230,1177159,2101087,346996,,,
280,Kolkata,Crockery,83942349.28,City,86.31,4496694,143.6,185,848230,1177159,2101087,346996,,,
281,Kolkata,Electronics,135168694.5,City,86.31,4496694,143.6,185,848230,1177159,2101087,346996,,,
282,Kolkata,Farm Fresh,45414601.05,City,86.31,4496694,143.6,185,848230,1177159,2101087,346996,,,
283,Kolkata,Fashion,2000588008,City,86.31,4496694,143.6,185,848230,1177159,2101087,346996,,,
284,Kolkata,Food Services,42565294.34,City,86.31,4496694,143.6,185,848230,1177159,2101087,346996,,,
285,Kolkata,Shoes,39653510,City,86.31,4496694,143.6,185,848230,1177159,2101087,346996,,,
286,Kolkata,Home Essentials,13139154.88,City,86.31,4496694,143.6,185,848230,1177159,2101087,346996,,,
287,Kolkata,Home Fashion,154149426.7,City,86.31,4496694,143.6,185,848230,1177159,2101087,346996,,,
288,Kolkata,Healthcare,859816642.4,City,86.31,4496694,143.6,185,848230,1177159,2101087,346996,,,
289,Kolkata,Trolley Bags,123524541.6,City,86.31,4496694,143.6,185,848230,1177159,2101087,346996,,,
290,Kolkata,Plastics,148309704.8,City,86.31,4496694,143.6,185,848230,1177159,2101087,346996,,,
291,Kolkata,Processed Food,958744968,City,86.31,4496694,143.6,185,848230,1177159,2101087,346996,,,
292,Kolkata,Sports,9617598.971,City,86.31,4496694,143.6,185,848230,1177159,2101087,346996,,,
293,Kolkata,Staples,702099029.2,City,86.31,4496694,143.6,185,848230,1177159,2101087,346996,,,
294,Kolkata,Stationery,125357324.7,City,86.31,4496694,143.6,185,848230,1177159,2101087,346996,,,
295,Kolkata,Toys,58271187.67,City,86.31,4496694,143.6,185,848230,1177159,2101087,346996,,,
296,Kolkata,Utensils,121953860.6,City,86.31,4496694,143.6,185,848230,1177159,2101087,346996,,,
297,Nagpur,Wellness,6972922.79,City,91.92,2405665,138.5,217.6,561605,682210,1013438,139818,,,
298,Nagpur,Cookware,20557121.79,City,91.92,2405665,138.5,217.6,561605,682210,1013438,139818,,,
299,Nagpur,Crockery,22719115.27,City,91.92,2405665,138.5,217.6,561605,682210,1013438,139818,,,
300,Nagpur,Electronics,22404343.47,City,91.92,2405665,138.5,217.6,561605,682210,1013438,139818,,,
301,Nagpur,Farm Fresh,9252046.9,City,91.92,2405665,138.5,217.6,561605,682210,1013438,139818,,,
302,Nagpur,Fashion,420143072.4,City,91.92,2405665,138.5,217.6,561605,682210,1013438,139818,,,
303,Nagpur,Food Services,22378396.95,City,91.92,2405665,138.5,217.6,561605,682210,1013438,139818,,,
304,Nagpur,Shoes,20026664.14,City,91.92,2405665,138.5,217.6,561605,682210,1013438,139818,,,
305,Nagpur,Home Essentials,4414673,City,91.92,2405665,138.5,217.6,561605,682210,1013438,139818,,,
306,Nagpur,Home Fashion,43768068.84,City,91.92,2405665,138.5,217.6,561605,682210,1013438,139818,,,
307,Nagpur,Healthcare,274078851.3,City,91.92,2405665,138.5,217.6,561605,682210,1013438,139818,,,
308,Nagpur,Trolley Bags,43601559.47,City,91.92,2405665,138.5,217.6,561605,682210,1013438,139818,,,
309,Nagpur,Plastics,50676361.82,City,91.92,2405665,138.5,217.6,561605,682210,1013438,139818,,,
310,Nagpur,Processed Food,192819255.9,City,91.92,2405665,138.5,217.6,561605,682210,1013438,139818,,,
311,Nagpur,Sports,4372657.37,City,91.92,2405665,138.5,217.6,561605,682210,1013438,139818,,,
312,Nagpur,Staples,220452245.1,City,91.92,2405665,138.5,217.6,561605,682210,1013438,139818,,,
313,Nagpur,Stationery,60878118.59,City,91.92,2405665,138.5,217.6,561605,682210,1013438,139818,,,
314,Nagpur,Toys,19409442.4,City,91.92,2405665,138.5,217.6,561605,682210,1013438,139818,,,
315,Nagpur,Utensils,31360220.83,City,91.92,2405665,138.5,217.6,561605,682210,1013438,139818,,,
316,Patna,Wellness,10479370.75,City,83.37,1684222,144,297.9,487891,485995,626086,79543,,,
317,Patna,Cookware,17121861.25,City,83.37,1684222,144,297.9,487891,485995,626086,79543,,,
318,Patna,Crockery,27479224.55,City,83.37,1684222,144,297.9,487891,485995,626086,79543,,,
319,Patna,Electronics,41502433.9,City,83.37,1684222,144,297.9,487891,485995,626086,79543,,,
320,Patna,Farm Fresh,7849915.56,City,83.37,1684222,144,297.9,487891,485995,626086,79543,,,
321,Patna,Fashion,432310550.4,City,83.37,1684222,144,297.9,487891,485995,626086,79543,,,
322,Patna,Food Services,9683903.87,City,83.37,1684222,144,297.9,487891,485995,626086,79543,,,
323,Patna,Shoes,14913642.85,City,83.37,1684222,144,297.9,487891,485995,626086,79543,,,
324,Patna,Home Essentials,48692.8,City,83.37,1684222,144,297.9,487891,485995,626086,79543,,,
325,Patna,Home Fashion,53580834.25,City,83.37,1684222,144,297.9,487891,485995,626086,79543,,,
326,Patna,Healthcare,234300936.2,City,83.37,1684222,144,297.9,487891,485995,626086,79543,,,
327,Patna,Trolley Bags,40043357.93,City,83.37,1684222,144,297.9,487891,485995,626086,79543,,,
328,Patna,Plastics,49441503.82,City,83.37,1684222,144,297.9,487891,485995,626086,79543,,,
329,Patna,Processed Food,189814253.6,City,83.37,1684222,144,297.9,487891,485995,626086,79543,,,
330,Patna,Sports,4249439.27,City,83.37,1684222,144,297.9,487891,485995,626086,79543,,,
331,Patna,Staples,179825132.3,City,83.37,1684222,144,297.9,487891,485995,626086,79543,,,
332,Patna,Stationery,18595491.3,City,83.37,1684222,144,297.9,487891,485995,626086,79543,,,
333,Patna,Toys,19304017.04,City,83.37,1684222,144,297.9,487891,485995,626086,79543,,,
334,Patna,Utensils,29445378.11,City,83.37,1684222,144,297.9,487891,485995,626086,79543,,,
335,Raipur,Wellness,1453934.27,City,85.95,1010433,141.6,226,283849,308453,389475,39598,,,
336,Raipur,Cookware,4304977.6,City,85.95,1010433,141.6,226,283849,308453,389475,39598,,,
337,Raipur,Crockery,5230821.74,City,85.95,1010433,141.6,226,283849,308453,389475,39598,,,
338,Raipur,Electronics,4133098.89,City,85.95,1010433,141.6,226,283849,308453,389475,39598,,,
339,Raipur,Farm Fresh,1964198.13,City,85.95,1010433,141.6,226,283849,308453,389475,39598,,,
340,Raipur,Fashion,127443302,City,85.95,1010433,141.6,226,283849,308453,389475,39598,,,
341,Raipur,Food Services,6896740.1,City,85.95,1010433,141.6,226,283849,308453,389475,39598,,,
342,Raipur,Shoes,8016501.4,City,85.95,1010433,141.6,226,283849,308453,389475,39598,,,
343,Raipur,Home Essentials,748274.83,City,85.95,1010433,141.6,226,283849,308453,389475,39598,,,
344,Raipur,Home Fashion,13826243.45,City,85.95,1010433,141.6,226,283849,308453,389475,39598,,,
345,Raipur,Healthcare,65966056.83,City,85.95,1010433,141.6,226,283849,308453,389475,39598,,,
346,Raipur,Trolley Bags,14506344.3,City,85.95,1010433,141.6,226,283849,308453,389475,39598,,,
347,Raipur,Plastics,12540858.15,City,85.95,1010433,141.6,226,283849,308453,389475,39598,,,
348,Raipur,Processed Food,46926646.66,City,85.95,1010433,141.6,226,283849,308453,389475,39598,,,
349,Raipur,Sports,1137986.86,City,85.95,1010433,141.6,226,283849,308453,389475,39598,,,
350,Raipur,Staples,35942257.84,City,85.95,1010433,141.6,226,283849,308453,389475,39598,,,
351,Raipur,Stationery,12777238.46,City,85.95,1010433,141.6,226,283849,308453,389475,39598,,,
352,Raipur,Toys,4729141.81,City,85.95,1010433,141.6,226,283849,308453,389475,39598,,,
353,Raipur,Utensils,7839137.56,City,85.95,1010433,141.6,226,283849,308453,389475,39598,,,
354,Ranchi,Wellness,3777661.51,City,87.37,1073427,142.2,175,290906,320595,397526,45548,,,
355,Ranchi,Cookware,9340577.99,City,87.37,1073427,142.2,175,290906,320595,397526,45548,,,
356,Ranchi,Crockery,16479915.03,City,87.37,1073427,142.2,175,290906,320595,397526,45548,,,
357,Ranchi,Electronics,-62221.22,City,87.37,1073427,142.2,175,290906,320595,397526,45548,,,
358,Ranchi,Farm Fresh,5342120.97,City,87.37,1073427,142.2,175,290906,320595,397526,45548,,,
359,Ranchi,Fashion,248896490.8,City,87.37,1073427,142.2,175,290906,320595,397526,45548,,,
360,Ranchi,Food Services,4477297.34,City,87.37,1073427,142.2,175,290906,320595,397526,45548,,,
361,Ranchi,Shoes,7605499.17,City,87.37,1073427,142.2,175,290906,320595,397526,45548,,,
362,Ranchi,Home Essentials,1282931.41,City,87.37,1073427,142.2,175,290906,320595,397526,45548,,,
363,Ranchi,Home Fashion,24632360.85,City,87.37,1073427,142.2,175,290906,320595,397526,45548,,,
364,Ranchi,Healthcare,111957733.2,City,87.37,1073427,142.2,175,290906,320595,397526,45548,,,
365,Ranchi,Trolley Bags,29676426.4,City,87.37,1073427,142.2,175,290906,320595,397526,45548,,,
366,Ranchi,Plastics,28212395.83,City,87.37,1073427,142.2,175,290906,320595,397526,45548,,,
367,Ranchi,Processed Food,92150236.74,City,87.37,1073427,142.2,175,290906,320595,397526,45548,,,
368,Ranchi,Sports,1954416.23,City,87.37,1073427,142.2,175,290906,320595,397526,45548,,,
369,Ranchi,Staples,82653813.79,City,87.37,1073427,142.2,175,290906,320595,397526,45548,,,
370,Ranchi,Stationery,28672099.17,City,87.37,1073427,142.2,175,290906,320595,397526,45548,,,
371,Ranchi,Toys,9494025.13,City,87.37,1073427,142.2,175,290906,320595,397526,45548,,,
372,Ranchi,Utensils,16489588.07,City,87.37,1073427,142.2,175,290906,320595,397526,45548,,,
373,Sambalpur,Wellness,914083.68,Town,85.53,184000,144.5,670,46247,55080,78356,9215,,,
374,Sambalpur,Cookware,5586852.46,Town,85.53,184000,144.5,670,46247,55080,78356,9215,,,
375,Sambalpur,Crockery,5498122.67,Town,85.53,184000,144.5,670,46247,55080,78356,9215,,,
376,Sambalpur,Electronics,9442586.52,Town,85.53,184000,144.5,670,46247,55080,78356,9215,,,
377,Sambalpur,Farm Fresh,7288194.42,Town,85.53,184000,144.5,670,46247,55080,78356,9215,,,
378,Sambalpur,Fashion,80520402.06,Town,85.53,184000,144.5,670,46247,55080,78356,9215,,,
379,Sambalpur,Food Services,211095.17,Town,85.53,184000,144.5,670,46247,55080,78356,9215,,,
380,Sambalpur,Shoes,587432.02,Town,85.53,184000,144.5,670,46247,55080,78356,9215,,,
381,Sambalpur,Home Essentials,409,Town,85.53,184000,144.5,670,46247,55080,78356,9215,,,
382,Sambalpur,Home Fashion,12004514.31,Town,85.53,184000,144.5,670,46247,55080,78356,9215,,,
383,Sambalpur,Healthcare,56020341.41,Town,85.53,184000,144.5,670,46247,55080,78356,9215,,,
384,Sambalpur,Trolley Bags,8163995.71,Town,85.53,184000,144.5,670,46247,55080,78356,9215,,,
385,Sambalpur,Plastics,13616891.9,Town,85.53,184000,144.5,670,46247,55080,78356,9215,,,
386,Sambalpur,Processed Food,52996907.49,Town,85.53,184000,144.5,670,46247,55080,78356,9215,,,
387,Sambalpur,Sports,1230373.31,Town,85.53,184000,144.5,670,46247,55080,78356,9215,,,
388,Sambalpur,Staples,34802523.86,Town,85.53,184000,144.5,670,46247,55080,78356,9215,,,
389,Sambalpur,Stationery,1704049.79,Town,85.53,184000,144.5,670,46247,55080,78356,9215,,,
390,Sambalpur,Toys,4899006.35,Town,85.53,184000,144.5,670,46247,55080,78356,9215,,,
391,Sambalpur,Utensils,9339753.72,Town,85.53,184000,144.5,670,46247,55080,78356,9215,,,
392,Silchar,Wellness,799186.36,Town,90.93,172830,142.6,343,40355,48694,79150,10625,,,
393,Silchar,Cookware,2376502.84,Town,90.93,172830,142.6,343,40355,48694,79150,10625,,,
394,Silchar,Crockery,3387855,Town,90.93,172830,142.6,343,40355,48694,79150,10625,,,
395,Silchar,Electronics,5433230.03,Town,90.93,172830,142.6,343,40355,48694,79150,10625,,,
396,Silchar,Farm Fresh,23787.57,Town,90.93,172830,142.6,343,40355,48694,79150,10625,,,
397,Silchar,Fashion,49436721.78,Town,90.93,172830,142.6,343,40355,48694,79150,10625,,,
398,Silchar,Food Services,1060,Town,90.93,172830,142.6,343,40355,48694,79150,10625,,,
399,Silchar,Shoes,393438.56,Town,90.93,172830,142.6,343,40355,48694,79150,10625,,,
400,Silchar,Home Essentials,0,Town,90.93,172830,142.6,343,40355,48694,79150,10625,,,
401,Silchar,Home Fashion,5946052.57,Town,90.93,172830,142.6,343,40355,48694,79150,10625,,,
402,Silchar,Healthcare,18954391.88,Town,90.93,172830,142.6,343,40355,48694,79150,10625,,,
403,Silchar,Trolley Bags,4372821.86,Town,90.93,172830,142.6,343,40355,48694,79150,10625,,,
404,Silchar,Plastics,6435073.73,Town,90.93,172830,142.6,343,40355,48694,79150,10625,,,
405,Silchar,Processed Food,18902779.39,Town,90.93,172830,142.6,343,40355,48694,79150,10625,,,
406,Silchar,Sports,480376.59,Town,90.93,172830,142.6,343,40355,48694,79150,10625,,,
407,Silchar,Staples,19460455.96,Town,90.93,172830,142.6,343,40355,48694,79150,10625,,,
408,Silchar,Stationery,4325342.2,Town,90.93,172830,142.6,343,40355,48694,79150,10625,,,
409,Silchar,Toys,3222368.03,Town,90.93,172830,142.6,343,40355,48694,79150,10625,,,
410,Silchar,Utensils,5127277.94,Town,90.93,172830,142.6,343,40355,48694,79150,10625,,,
411,Siliguri,Wellness,3573647,City,85.91,513264,143.6,260,122698,144906,217589,26834,,,
412,Siliguri,Cookware,6072856.86,City,85.91,513264,143.6,260,122698,144906,217589,26834,,,
413,Siliguri,Crockery,9270922.98,City,85.91,513264,143.6,260,122698,144906,217589,26834,,,
414,Siliguri,Electronics,18821931.61,City,85.91,513264,143.6,260,122698,144906,217589,26834,,,
415,Siliguri,Farm Fresh,5275370.95,City,85.91,513264,143.6,260,122698,144906,217589,26834,,,
416,Siliguri,Fashion,259159977.5,City,85.91,513264,143.6,260,122698,144906,217589,26834,,,
417,Siliguri,Food Services,3200241.5,City,85.91,513264,143.6,260,122698,144906,217589,26834,,,
418,Siliguri,Shoes,6291964.43,City,85.91,513264,143.6,260,122698,144906,217589,26834,,,
419,Siliguri,Home Essentials,3697610.42,City,85.91,513264,143.6,260,122698,144906,217589,26834,,,
420,Siliguri,Home Fashion,21973934.69,City,85.91,513264,143.6,260,122698,144906,217589,26834,,,
421,Siliguri,Healthcare,70152592.81,City,85.91,513264,143.6,260,122698,144906,217589,26834,,,
422,Siliguri,Trolley Bags,12405945.87,City,85.91,513264,143.6,260,122698,144906,217589,26834,,,
423,Siliguri,Plastics,19503745.67,City,85.91,513264,143.6,260,122698,144906,217589,26834,,,
424,Siliguri,Processed Food,65897928.21,City,85.91,513264,143.6,260,122698,144906,217589,26834,,,
425,Siliguri,Sports,2145427.49,City,85.91,513264,143.6,260,122698,144906,217589,26834,,,
426,Siliguri,Staples,43783373.25,City,85.91,513264,143.6,260,122698,144906,217589,26834,,,
427,Siliguri,Stationery,32605517.82,City,85.91,513264,143.6,260,122698,144906,217589,26834,,,
428,Siliguri,Toys,10736591.23,City,85.91,513264,143.6,260,122698,144906,217589,26834,,,
429,Siliguri,Utensils,11181601.22,City,85.91,513264,143.6,260,122698,144906,217589,26834,,,
